student_id,topic_id,quiz_score,time_spent_minutes,error_count,attempts,days_since_activity
1,121,78.5,9.4,0,1,33
1,112,93.1,11.1,0,1,27
1,115,94.7,20.0,1,2,9
1,119,70.9,13.1,0,1,12
1,107,86.9,16.3,0,1,68
1,126,74.6,10.1,1,1,2
1,105,95.9,10.0,0,1,8
1,129,100.0,8.7,0,2,7
1,127,91.1,11.4,0,1,6
1,109,84.4,7.1,0,1,28
1,106,89.3,11.5,0,1,45
1,123,84.7,16.4,0,1,16
1,117,78.2,6.5,1,2,11
1,110,84.9,17.8,0,1,8
1,124,84.8,12.0,0,1,8
1,102,88.7,14.6,0,1,20
1,122,78.2,8.5,0,1,34
1,104,88.2,10.1,0,1,25
1,128,98.7,11.4,0,1,30
1,108,89.4,7.7,0,1,40
1,111,100.0,8.6,0,1,86
1,116,90.5,16.8,0,1,12
1,118,86.7,7.8,0,1,27
1,113,73.9,6.1,0,2,10
1,120,100.0,23.6,0,1,1
1,101,100.0,8.1,0,1,6
1,125,85.0,11.5,0,1,2
1,114,89.9,9.8,0,1,13
2,105,65.3,18.5,1,1,23
2,111,63.1,32.7,1,1,14
2,117,65.9,14.3,1,1,2
2,108,29.3,26.6,1,1,11
2,122,53.3,31.0,4,2,12
2,129,68.8,35.4,3,2,23
2,104,61.3,11.0,1,2,4
2,112,56.2,29.7,4,2,1
2,101,28.6,17.3,1,1,23
2,123,72.8,11.0,1,1,54
2,115,46.6,21.1,2,2,24
2,119,66.1,18.7,4,2,31
2,113,48.2,23.9,2,1,39
2,100,76.9,12.3,3,2,18
2,126,64.7,20.7,1,1,4
2,121,67.7,28.0,1,1,6
2,124,45.1,9.8,3,2,13
2,109,86.6,26.6,2,2,21
2,114,55.9,1.0,2,3,0
2,103,86.2,2.0,0,1,6
2,107,68.8,23.2,0,2,8
2,116,69.2,25.0,3,2,19
3,108,74.7,21.7,0,1,3
3,126,95.5,22.6,0,2,2
3,100,78.8,18.5,1,2,14
3,104,70.4,29.1,1,2,31
3,102,83.3,46.9,0,2,6
3,121,77.0,45.0,1,2,8
3,107,97.6,53.7,1,2,7
3,106,72.4,38.0,1,2,21
3,112,65.7,16.3,0,1,5
3,128,97.4,45.0,0,1,30
3,124,77.4,36.7,1,2,6
3,109,69.7,35.1,1,3,45
3,101,80.8,40.2,1,2,82
3,129,83.9,27.3,1,2,1
3,116,77.4,39.1,1,2,12
3,117,77.0,17.1,1,1,8
3,115,73.5,21.5,0,1,8
3,119,84.2,21.0,1,2,0
3,118,87.1,38.1,0,2,5
3,103,94.7,26.3,1,1,6
3,114,92.6,31.0,1,3,23
3,125,94.1,31.7,0,1,0
3,122,65.9,40.7,1,2,25
3,120,72.9,19.8,0,1,28
3,105,77.7,33.6,0,2,13
3,110,86.0,38.5,1,2,21
4,111,51.4,8.6,2,1,29
4,125,60.5,9.1,1,1,10
4,104,49.0,10.1,1,2,17
4,126,67.3,12.8,1,1,29
4,109,40.9,4.2,1,1,55
4,129,67.4,2.7,1,1,1
4,122,55.2,6.1,1,1,0
4,110,40.4,9.6,1,1,12
4,102,70.2,5.6,1,1,0
4,113,84.3,6.7,1,1,19
4,121,70.6,6.4,2,1,3
4,120,30.2,12.8,2,2,19
4,106,59.7,7.1,1,1,0
4,127,71.3,3.5,2,1,51
4,100,59.3,7.6,0,1,8
4,118,58.5,13.5,2,1,7
4,101,72.2,9.0,1,1,7
4,115,59.5,2.9,1,1,23
4,108,62.9,2.9,1,1,27
4,103,28.1,10.4,1,1,3
4,117,75.7,9.0,2,2,4
5,112,61.2,11.3,1,1,4
5,113,78.7,5.1,1,1,11
5,114,73.1,8.0,1,1,0
5,115,61.1,4.4,1,1,36
5,129,49.7,7.7,0,1,46
5,124,51.1,12.4,1,1,0
5,125,48.3,9.3,1,1,13
5,110,67.9,8.5,1,1,3
5,105,32.5,11.0,1,1,99
5,111,65.4,10.8,2,2,82
5,119,51.5,8.0,1,1,15
5,118,89.0,11.4,1,1,49
5,106,70.2,11.7,1,1,4
5,104,68.8,2.6,1,1,66
5,102,87.5,13.2,2,2,22
5,126,64.2,8.6,1,1,2
5,117,45.8,7.8,2,1,3
5,123,64.2,8.7,1,1,8
5,108,61.9,5.8,1,1,4
5,109,39.0,7.6,1,1,4
5,122,64.5,5.5,1,1,23
6,110,59.1,7.0,1,1,149
6,125,59.8,6.9,0,1,30
6,103,55.5,14.2,0,2,29
6,113,78.4,7.1,0,1,14
6,105,50.1,25.0,1,2,39
6,101,55.5,27.3,1,1,17
6,121,100.0,21.0,1,1,69
6,107,47.7,21.4,1,1,4
6,124,60.0,18.0,1,1,10
6,126,33.4,14.6,0,1,1
6,100,34.9,12.2,1,1,0
6,122,39.9,20.1,0,1,12
6,115,54.8,13.5,1,1,4
6,127,69.2,7.2,0,1,3
7,110,99.5,14.1,0,2,7
7,125,81.1,12.5,0,1,4
7,112,86.6,13.7,0,1,0
7,118,91.6,16.7,1,2,11
7,123,78.8,11.6,1,2,50
7,116,95.1,14.0,1,2,7
7,119,90.7,1.0,0,1,24
7,103,91.6,13.9,0,1,3
7,128,84.1,21.0,0,1,14
7,124,89.0,8.0,0,1,86
7,107,82.1,15.7,0,1,10
7,114,89.8,14.5,0,1,17
7,108,84.7,6.3,0,1,17
7,111,89.8,14.9,0,1,14
7,127,90.6,10.8,0,1,10
7,120,100.0,17.3,0,1,3
7,106,89.0,12.5,0,2,4
7,126,84.7,14.5,0,1,15
7,113,85.0,15.0,0,1,4
7,117,84.0,5.4,0,1,0
7,104,85.8,10.7,0,1,32
7,102,91.3,14.5,0,1,19
7,109,88.3,12.0,1,2,22
7,129,84.0,13.9,0,1,35
7,115,83.5,15.2,0,1,13
7,105,93.6,12.4,0,1,44
7,101,92.3,8.2,0,1,12
7,121,88.9,21.8,0,1,36
7,100,91.3,12.5,0,1,5
7,122,84.3,16.5,0,1,9
8,126,48.1,18.1,2,2,37
8,115,91.6,22.9,3,2,17
8,127,72.3,24.0,1,2,8
8,118,32.9,10.1,4,3,27
8,116,54.6,6.5,1,1,60
8,109,82.7,14.4,1,2,0
8,101,60.1,10.5,1,1,18
8,117,95.4,17.0,0,1,24
8,121,54.7,11.1,2,3,27
8,125,61.2,18.4,2,2,32
8,103,13.6,1.0,1,1,4
8,110,69.5,14.2,3,2,22
8,104,79.3,20.7,1,1,13
8,111,60.0,32.7,0,1,3
8,119,52.7,15.5,0,1,17
8,107,100.0,36.0,1,1,8
8,102,21.8,16.8,1,1,43
8,100,44.8,19.5,2,2,5
8,108,77.1,10.0,2,2,10
8,106,53.7,21.7,2,2,18
8,128,80.2,15.4,4,2,14
8,114,35.4,8.7,1,3,3
9,129,10.2,17.0,0,1,1
9,114,57.9,27.6,5,3,27
9,107,50.7,23.4,5,3,15
9,110,28.5,18.5,3,2,26
9,104,42.3,32.6,6,3,5
9,109,30.0,41.5,4,2,36
9,126,37.1,13.5,1,2,28
9,128,60.2,21.6,3,3,25
9,108,51.3,27.7,5,4,26
9,103,43.2,34.4,3,2,7
9,101,32.0,33.3,5,3,3
9,102,59.4,25.0,3,3,0
9,120,34.8,41.0,4,3,26
10,121,88.4,3.7,0,1,24
10,106,68.2,8.0,0,2,11
10,115,78.6,15.2,0,1,17
10,107,100.0,11.2,0,1,28
10,120,81.9,9.8,0,1,0
10,116,95.7,13.2,0,1,11
10,108,73.0,7.7,1,2,16
10,103,100.0,13.9,1,1,33
10,119,81.6,13.7,0,1,2
10,122,82.1,15.7,0,1,54
10,100,77.7,13.4,1,2,7
10,109,83.9,10.4,0,1,2
10,127,74.1,15.4,0,1,14
10,101,98.6,17.0,0,2,49
10,123,87.8,13.5,0,1,33
10,110,99.8,16.9,0,1,37
10,114,74.0,12.4,0,2,28
10,124,80.7,9.3,0,2,3
11,110,76.2,55.1,1,1,13
11,128,72.3,55.1,1,2,7
11,118,78.0,33.1,1,2,35
11,101,71.8,42.4,1,2,1
11,120,77.6,26.6,0,1,11
11,122,79.2,31.0,0,1,17
11,124,74.0,38.2,1,1,55
11,121,82.6,55.9,1,3,35
11,114,77.1,39.6,1,2,17
11,107,79.0,55.7,1,2,38
11,106,88.7,28.5,0,1,19
11,129,80.4,23.4,0,1,36
11,104,81.0,45.1,0,2,73
11,108,78.5,53.9,0,1,5
11,115,84.0,40.1,1,2,25
11,116,72.7,42.9,0,1,1
12,119,37.7,20.0,0,1,10
12,124,74.9,17.3,1,1,12
12,115,54.4,29.0,1,1,24
12,103,68.4,1.0,1,1,14
12,121,74.7,12.8,0,1,94
12,109,51.5,13.7,1,1,3
13,118,55.3,1.0,1,1,9
13,116,28.7,10.8,1,1,14
13,117,47.4,10.7,3,2,7
13,121,52.2,19.4,0,1,10
13,115,47.3,6.4,3,2,66
13,109,60.5,15.8,2,2,26
13,110,34.8,18.3,0,2,0
13,107,83.8,16.5,1,2,17
13,105,27.6,1.0,1,2,12
13,120,32.3,3.9,1,1,32
13,106,69.1,21.2,4,2,20
13,112,58.9,29.3,0,2,7
13,111,87.2,23.1,2,2,61
13,119,65.8,15.5,2,2,26
13,123,70.6,47.1,1,1,1
13,125,71.5,18.5,3,2,15
13,108,91.8,21.8,0,2,16
13,102,62.9,17.8,3,2,37
14,106,57.9,36.0,1,2,1
14,104,60.0,20.8,1,1,16
14,107,62.7,22.5,0,1,3
14,119,67.3,10.7,0,1,33
14,111,49.2,30.3,1,1,22
14,114,65.0,16.6,1,2,11
14,124,56.9,4.2,0,1,4
14,100,50.7,41.7,1,1,89
14,115,50.1,19.4,1,1,11
14,123,50.9,20.6,2,2,65
14,102,14.5,24.4,1,2,48
14,129,48.3,12.7,0,2,3
14,101,32.0,11.4,5,3,1
14,121,41.2,12.7,2,2,13
14,110,59.4,15.9,1,1,7
14,109,32.6,16.1,1,1,14
14,116,89.5,23.1,1,1,37
14,113,48.5,21.1,1,1,60
14,118,47.6,11.4,1,1,12
14,105,94.2,40.7,1,1,12
14,108,44.4,11.7,0,1,4
14,122,35.7,26.4,2,1,12
14,126,53.8,13.5,0,2,19
14,128,82.4,21.0,1,1,17
14,112,89.2,26.1,0,2,119
15,102,60.8,27.6,0,1,16
15,115,59.9,19.7,1,1,34
15,114,69.7,15.4,1,1,13
15,121,72.9,9.2,3,2,62
15,101,42.5,15.7,2,2,10
15,117,68.3,23.8,2,2,5
15,104,89.6,9.0,1,1,1
15,122,30.1,4.9,1,1,18
15,100,52.3,24.6,1,1,4
15,129,73.4,22.8,1,1,30
15,123,67.9,4.0,1,2,0
15,113,80.5,20.9,2,2,10
15,106,52.6,20.4,1,2,9
15,110,36.1,7.4,1,1,19
15,126,88.5,1.7,3,2,8
15,103,62.0,1.0,1,2,2
15,105,28.8,23.4,1,2,51
15,127,16.9,15.3,0,1,15
15,125,51.0,7.2,1,1,6
15,119,57.4,24.2,1,1,45
15,108,50.6,22.4,1,1,2
15,109,1.7,29.9,1,1,5
15,128,53.7,3.3,1,1,44
15,111,82.6,17.4,1,1,10
16,116,64.3,7.8,1,2,55
16,112,48.3,19.6,1,1,2
16,122,45.3,22.9,2,2,11
16,123,75.9,15.6,1,1,23
16,104,33.2,25.7,1,1,15
16,126,69.8,19.7,1,1,7
16,110,44.3,15.1,1,2,21
16,129,32.8,21.9,2,2,34
16,114,61.8,21.9,2,2,13
16,118,100.0,13.5,1,1,8
16,105,31.9,29.2,1,2,6
16,108,72.5,5.4,4,3,5
16,107,63.2,17.7,1,1,32
16,117,60.3,10.1,2,2,25
16,127,30.6,23.7,1,1,53
16,106,86.2,13.1,1,2,13
16,101,74.7,13.4,1,2,3
16,113,78.5,24.6,1,3,5
16,128,40.1,24.6,2,2,10
16,115,75.3,5.8,5,2,40
16,125,61.1,23.8,0,1,9
16,119,38.1,3.5,3,3,12
16,120,53.8,16.3,2,2,5
16,103,56.1,14.6,0,1,7
16,111,61.1,5.1,2,2,18
17,129,93.9,37.3,0,1,2
17,100,77.5,30.4,1,3,7
17,111,81.9,38.5,1,2,2
17,108,84.4,32.7,1,2,6
17,109,87.0,40.0,0,2,5
17,120,79.7,36.7,1,3,15
17,107,89.6,35.9,1,3,150
17,114,76.8,37.2,1,2,13
17,116,79.1,32.0,1,3,19
17,112,73.8,26.5,1,2,3
17,128,79.4,41.6,0,1,32
17,115,85.4,38.0,0,1,37
17,101,75.3,26.5,1,2,20
17,126,91.2,60.3,0,1,25
17,105,72.3,25.3,0,2,20
17,127,80.5,39.3,1,2,10
17,121,99.1,37.1,0,1,36
17,123,80.2,33.9,1,2,4
17,103,86.5,26.6,0,1,15
17,125,63.3,33.4,1,2,15
18,101,89.9,12.6,1,1,4
18,115,91.9,7.7,0,1,3
18,112,79.6,11.8,0,1,12
18,104,97.8,8.8,0,1,6
18,103,83.0,5.7,0,1,43
18,124,79.7,11.7,0,1,10
18,110,78.5,13.3,0,1,64
18,120,69.0,8.9,0,1,6
18,114,94.3,14.4,0,1,42
18,111,91.3,7.6,0,1,15
18,122,63.5,6.9,0,2,24
18,102,97.9,12.1,1,2,24
18,127,90.9,14.8,1,2,3
18,107,91.6,16.6,0,2,43
18,113,95.4,22.3,0,1,0
18,118,84.1,8.4,0,1,1
18,123,84.1,19.7,0,1,0
18,117,94.6,13.1,0,2,25
18,128,90.9,10.8,1,1,15
18,129,91.4,17.0,0,2,19
18,116,92.1,3.1,1,2,44
18,108,80.8,5.8,0,1,2
18,100,88.7,23.1,1,2,4
18,106,99.8,11.2,0,1,12
19,111,64.8,19.4,1,1,26
19,105,22.2,16.1,1,1,39
19,126,78.5,8.0,1,1,12
19,122,77.2,22.8,0,1,21
19,107,38.5,13.3,1,1,14
20,121,55.4,3.2,1,1,20
20,117,36.5,10.1,1,1,37
20,102,47.8,6.7,1,1,20
20,101,57.8,10.9,1,1,52
20,123,72.1,5.4,1,1,8
20,107,30.8,6.4,2,1,7
20,126,43.8,11.3,2,2,4
20,129,72.6,1.0,1,1,22
20,128,57.9,8.3,2,1,41
21,112,87.4,30.2,1,2,14
21,114,76.3,35.8,1,2,5
21,129,62.8,23.7,0,1,6
21,123,73.7,28.0,1,2,7
21,116,80.1,30.9,1,2,63
21,105,71.8,35.3,0,1,41
21,128,77.5,51.3,0,1,18
21,110,79.1,34.0,1,2,22
21,104,80.0,42.3,0,1,14
21,106,89.8,54.9,0,2,4
21,119,91.1,40.0,1,2,0
21,102,91.0,43.3,1,3,12
21,126,77.2,29.6,1,3,55
21,100,74.7,35.1,1,3,18
21,117,78.1,51.0,0,2,1
21,113,86.1,34.4,1,2,2
21,115,90.3,39.9,1,2,28
21,122,89.4,27.2,0,1,33
21,124,84.3,38.7,1,2,36
21,125,75.6,32.2,0,3,24
21,127,64.9,34.0,0,2,51
21,108,76.6,16.1,1,2,34
21,101,83.2,35.4,1,2,10
22,117,68.8,9.4,1,1,45
22,127,68.3,9.9,2,1,8
22,109,74.0,3.2,1,1,3
22,105,37.2,11.1,2,1,28
22,102,66.9,11.5,1,1,25
22,125,75.6,4.0,1,1,12
22,116,58.5,2.4,1,1,27
22,114,53.2,13.0,1,1,7
22,106,67.0,6.3,2,1,14
22,101,52.6,7.9,1,1,17
22,115,64.1,11.4,1,1,34
22,113,73.3,6.2,1,1,13
22,118,50.6,12.3,2,1,14
22,111,68.1,15.2,0,1,6
22,120,52.4,7.9,1,1,17
22,124,61.5,9.3,1,1,4
22,123,44.0,6.7,1,1,44
23,111,33.7,16.1,2,3,2
23,101,57.4,12.7,1,1,39
23,106,37.6,39.2,5,3,28
23,122,46.7,21.1,3,3,1
23,100,56.2,29.7,3,2,9
23,127,41.4,33.7,2,2,8
23,115,42.8,28.9,5,3,8
23,121,44.1,38.3,1,1,55
23,105,37.6,20.8,4,2,8
23,112,28.0,17.6,5,4,30
23,125,37.2,20.4,5,2,3
23,107,31.8,33.2,1,2,2
23,116,55.9,36.4,3,2,0
23,114,37.3,15.0,4,2,53
23,103,49.7,30.7,5,3,42
24,122,46.9,10.1,2,1,16
24,126,66.5,21.8,1,2,28
25,127,57.8,10.1,1,1,40
25,125,48.5,23.6,1,1,4
25,100,54.8,27.7,1,2,94
25,123,62.2,35.3,1,1,21
25,115,48.6,11.7,1,1,17
25,105,60.1,12.6,1,1,1
25,107,76.9,2.6,3,2,4
25,118,60.2,16.8,6,3,18
25,103,100.0,8.8,3,2,27
25,117,69.9,16.9,2,2,8
25,120,81.9,23.8,1,2,65
25,112,48.6,11.8,3,2,1
25,126,88.6,31.7,1,2,37
25,106,62.5,14.6,0,1,14
25,109,44.3,48.6,0,1,0
25,110,90.6,18.6,0,2,8
25,128,38.5,1.0,0,2,10
26,100,80.7,27.2,1,2,10
26,122,89.2,30.2,1,2,38
26,114,80.2,24.2,1,2,29
26,127,80.0,14.9,1,2,14
26,110,96.5,25.8,0,2,3
26,129,68.5,29.2,1,1,5
26,125,82.5,22.8,0,2,20
26,101,90.6,44.5,0,1,22
26,117,92.8,31.4,1,1,0
26,102,80.2,32.4,1,2,7
26,123,83.8,41.5,0,2,1
26,126,77.3,12.4,0,1,17
26,109,81.0,36.7,0,3,30
26,105,82.7,28.4,0,2,15
26,107,79.7,44.3,1,2,27
26,120,81.1,37.9,0,1,14
26,106,100.0,34.2,1,3,27
26,103,68.1,31.0,1,2,16
26,115,92.5,40.8,1,3,25
26,124,75.6,28.1,1,1,3
26,104,77.0,46.2,1,2,79
27,102,69.6,5.7,1,1,5
27,104,52.2,8.8,1,1,10
27,106,69.0,11.3,1,1,30
27,128,52.3,7.8,1,1,2
27,129,57.1,8.6,1,1,0
27,101,76.4,12.3,1,1,17
27,119,62.9,6.6,1,1,15
27,123,54.6,7.1,1,1,60
27,107,66.4,7.1,1,1,9
27,105,93.1,5.5,1,1,22
27,109,74.8,11.8,1,1,67
27,116,46.4,11.1,1,1,2
27,120,56.7,6.6,1,1,13
27,125,66.2,10.9,1,1,3
27,121,53.0,13.5,2,1,63
27,126,92.2,9.8,1,1,48
27,113,78.7,7.8,1,1,10
27,100,45.9,5.6,1,1,47
27,122,74.9,8.9,1,1,1
27,110,52.5,4.3,1,1,20
28,102,76.7,16.9,3,3,0
28,109,57.3,11.9,2,1,15
28,112,30.9,11.0,2,2,18
28,113,73.5,11.6,1,2,14
28,119,41.6,6.1,3,2,8
28,127,60.8,25.8,1,1,1
28,104,72.5,21.8,0,1,27
28,106,71.3,24.9,0,1,3
28,126,52.9,4.4,0,1,2
28,129,36.4,16.8,0,2,30
28,118,80.5,13.8,2,1,7
28,117,82.1,22.3,1,1,2
28,101,80.4,12.5,2,2,3
28,116,39.5,28.2,0,2,22
28,115,100.0,28.0,3,3,24
28,122,23.1,20.6,0,1,11
28,125,72.3,3.5,2,1,1
28,100,77.4,13.2,3,2,11
28,103,78.2,6.5,1,2,16
28,110,65.2,22.9,1,2,28
28,114,77.4,19.9,2,2,21
28,120,79.3,14.3,1,2,14
28,105,42.5,14.6,1,2,12
29,109,85.0,29.8,1,2,22
29,120,76.0,36.4,1,2,21
29,100,88.8,62.8,1,2,7
29,116,70.9,31.0,1,2,12
29,128,81.2,44.8,1,2,31
29,111,90.2,42.0,0,1,2
29,123,87.0,43.2,1,2,22
29,122,73.9,32.6,1,2,11
29,102,76.4,35.5,1,2,1
29,118,70.3,20.3,1,2,8
29,119,87.0,21.8,1,2,0
29,101,84.9,26.7,1,2,49
29,107,72.7,31.9,0,1,7
29,125,70.8,36.5,0,2,6
29,129,71.6,39.4,0,1,24
29,104,82.7,36.1,0,2,36
29,105,74.7,34.9,0,1,34
29,121,71.3,32.5,1,2,32
29,106,74.0,34.3,1,2,23
29,117,66.1,30.4,0,1,39
29,114,70.6,40.3,0,2,31
29,103,63.3,30.6,1,2,12
29,126,89.5,21.4,0,1,4
29,113,76.7,50.0,1,2,44
29,112,61.8,36.2,0,2,42
29,124,81.0,43.5,1,2,0
29,127,79.0,44.6,1,1,44
29,115,83.4,39.7,2,3,48
29,110,92.6,31.9,0,2,3
29,108,74.1,35.9,1,2,1
30,107,44.7,9.5,3,2,44
30,114,83.9,10.8,1,1,3
30,127,71.7,4.1,0,1,51
30,103,79.9,8.1,1,1,20
30,121,82.3,10.6,1,1,16
30,109,65.3,7.3,1,1,23
30,115,67.4,12.3,1,1,0
30,125,60.8,9.8,2,1,21
30,104,47.3,8.5,2,2,17
30,102,71.6,4.9,1,1,4
30,126,79.1,9.1,1,1,3
30,122,64.2,10.0,1,1,2
30,111,41.8,5.2,2,2,5
30,105,42.4,7.7,2,2,21
30,100,68.9,9.4,1,1,4
30,106,76.1,5.6,1,1,44
30,110,69.7,7.2,2,1,6
30,112,72.0,5.8,1,1,6
30,119,77.0,7.2,1,1,28
30,118,52.4,10.2,1,1,5
30,101,83.3,13.0,1,1,10
30,123,75.9,10.2,1,1,17
31,129,98.9,6.7,0,1,13
31,112,77.6,15.3,2,1,2
31,109,75.3,3.1,3,2,39
31,100,73.0,5.7,1,1,23
31,127,65.9,2.4,1,1,1
31,114,68.9,7.2,1,1,9
31,125,78.7,7.8,2,2,38
31,102,81.2,9.9,1,1,5
31,118,62.2,7.5,1,1,33
31,115,67.3,4.0,2,1,11
31,104,54.9,7.2,2,1,2
31,111,83.1,8.2,2,2,3
31,108,74.1,9.9,1,1,3
31,105,51.3,8.0,1,1,8
31,113,68.4,7.5,1,1,13
31,120,39.7,8.4,1,1,6
31,119,36.9,3.9,1,2,0
31,124,54.4,8.2,1,1,16
31,107,57.7,4.8,1,1,46
31,103,100.0,12.1,1,1,50
31,121,45.5,11.8,1,1,6
32,117,40.3,25.8,5,3,7
32,104,43.0,21.7,3,2,0
32,112,47.5,30.2,3,2,8
32,124,52.9,27.2,6,4,25
32,103,45.4,30.0,3,2,146
32,120,37.5,28.6,2,2,17
32,101,33.9,24.2,1,1,30
32,100,49.6,50.4,1,2,12
32,109,33.3,38.4,2,2,12
32,122,51.1,26.2,3,2,34
33,121,88.3,19.1,0,1,47
33,102,85.0,14.9,0,1,30
33,105,79.6,15.4,0,1,21
33,117,86.2,13.2,0,2,15
33,124,89.3,11.6,0,1,21
33,128,83.8,11.0,0,2,12
33,119,89.5,18.2,0,1,31
33,109,87.5,11.2,0,1,5
33,113,89.8,12.9,0,1,24
33,129,86.6,8.9,1,2,16
33,118,86.9,10.7,0,1,22
33,100,90.4,19.4,0,1,16
33,115,100.0,15.5,0,1,16
33,116,77.2,10.6,0,1,8
33,111,88.1,10.4,0,1,55
33,104,78.5,18.6,0,1,32
33,103,100.0,13.3,0,1,11
33,127,84.1,7.2,0,1,14
33,112,90.6,6.8,0,1,13
33,125,90.6,16.9,0,1,6
33,108,84.7,11.0,0,1,21
33,106,69.3,7.8,0,1,42
33,123,90.6,14.6,0,1,0
33,107,75.1,21.8,0,1,20
33,110,76.0,17.4,0,2,3
33,101,70.1,11.0,0,1,6
33,120,91.2,13.3,0,1,34
33,126,88.1,15.6,0,2,21
34,114,79.5,34.6,1,1,11
34,110,76.3,35.2,0,1,47
34,115,74.3,27.5,1,2,10
34,125,75.9,32.8,0,1,21
34,128,74.4,25.7,0,1,9
34,112,95.3,29.0,1,2,18
34,108,86.7,42.0,1,2,19
34,116,67.7,27.7,0,1,18
34,120,90.8,26.8,0,2,14
34,126,73.8,40.4,1,1,81
34,129,74.2,23.7,1,2,11
34,113,100.0,47.9,1,2,41
34,104,72.5,45.5,1,2,14
34,111,95.5,36.5,1,2,50
34,122,77.1,35.0,1,2,29
34,118,66.1,27.0,0,1,6
34,105,78.5,36.8,0,1,90
34,121,85.4,28.5,2,2,51
34,124,73.8,33.4,1,2,7
34,117,67.0,26.3,1,2,17
35,125,49.2,21.1,2,2,0
35,107,58.7,22.4,0,1,10
35,109,61.2,9.2,1,1,12
35,100,51.7,13.9,1,1,91
35,112,42.6,1.0,1,1,15
35,128,71.6,21.0,1,1,26
35,111,54.7,9.3,1,1,50
35,101,89.1,15.4,0,1,0
36,109,81.5,9.6,1,2,16
36,115,82.1,9.4,0,1,23
36,105,94.0,11.6,0,2,15
36,119,80.2,16.1,0,1,22
36,122,79.6,9.6,1,2,1
36,123,90.4,11.4,1,3,22
36,113,99.4,4.6,1,1,7
36,127,74.1,10.4,1,2,9
36,107,82.5,9.8,0,1,0
36,118,91.6,6.7,0,1,99
36,121,86.2,13.2,0,1,6
36,116,92.0,16.2,0,1,24
36,102,79.4,10.0,0,1,27
36,110,81.7,16.8,0,1,15
36,124,87.8,13.5,0,1,16
36,106,100.0,16.0,1,2,2
36,128,98.2,8.6,0,1,19
36,104,90.5,8.8,0,1,1
36,112,88.1,15.6,0,2,39
37,100,63.1,37.9,0,1,2
37,105,61.0,28.7,1,1,0
37,117,65.6,8.3,3,2,2
37,106,58.1,16.6,1,1,2
37,129,42.3,7.7,1,1,41
37,118,58.2,18.5,1,1,18
37,121,48.5,18.4,0,1,12
37,107,28.9,22.8,1,2,23
37,112,71.8,11.7,1,2,2
37,119,43.0,17.4,1,2,1
38,115,51.8,34.9,1,1,68
38,104,68.3,13.6,0,1,4
38,123,61.5,22.5,1,1,28
38,118,56.2,13.6,1,2,27
38,106,60.2,18.0,4,2,1
38,116,12.4,21.3,2,2,0
38,114,59.4,17.5,1,2,48
38,129,100.0,10.8,0,2,0
38,103,41.3,13.6,2,2,2
38,119,24.6,36.4,2,1,13
38,127,71.5,9.5,1,2,31
38,108,55.0,1.0,2,2,20
38,100,48.8,21.6,0,1,25
39,100,40.4,33.9,1,1,6
39,111,63.3,35.0,1,1,56
39,117,36.3,17.4,6,4,19
39,104,33.7,33.8,2,2,6
39,127,44.2,38.2,2,2,12
39,106,45.0,28.5,2,2,22
39,112,41.4,24.3,4,2,68
39,123,57.2,23.7,4,3,11
39,102,59.1,26.9,3,3,11
39,109,31.6,37.9,5,3,19
39,110,55.9,34.1,1,1,6
39,119,50.7,29.4,1,1,23
39,107,41.4,14.8,5,3,24
39,118,52.2,24.6,2,3,4
39,103,46.0,10.7,2,2,5
39,116,29.1,31.4,4,2,6
39,128,32.8,26.0,2,1,2
39,105,71.6,23.0,2,2,0
40,108,74.2,50.2,0,1,2
40,126,95.8,26.9,0,1,3
40,114,67.6,30.7,0,1,18
40,111,66.6,44.8,1,1,12
40,122,94.4,41.7,0,1,18
40,104,77.6,33.5,0,2,10
40,107,88.6,42.3,1,2,3
40,100,70.5,37.9,1,2,3
40,101,69.3,32.9,0,2,8
40,112,88.2,37.6,0,3,0
40,110,83.3,26.8,0,2,8
40,123,89.5,37.5,0,1,29
40,113,80.2,10.8,1,2,4
40,120,89.0,28.9,0,1,5
40,128,94.6,38.2,1,2,16
40,124,85.8,28.4,1,2,25
40,121,81.1,7.3,1,2,11
40,102,71.9,39.0,1,2,16
40,115,83.9,44.4,0,2,7
40,127,75.7,41.8,1,2,7
40,103,91.6,32.3,1,2,11
40,106,64.6,30.9,1,2,0
40,118,86.8,42.8,1,2,4
40,116,97.0,41.7,1,2,15
40,125,79.0,36.7,1,1,31
41,123,78.4,1.0,0,1,12
41,100,100.0,9.5,0,2,23
41,115,81.3,11.8,0,1,8
41,112,80.4,16.0,0,1,13
41,117,87.3,8.5,0,1,47
41,129,75.0,10.6,0,1,38
41,116,94.4,19.4,0,1,29
41,118,92.5,12.6,0,1,0
41,124,94.4,8.2,0,1,5
41,104,83.0,9.5,0,1,26
41,108,76.0,11.2,0,1,100
41,122,90.1,9.0,0,1,26
41,126,87.2,16.3,0,1,24
41,105,73.5,13.1,0,1,15
41,106,85.2,8.8,0,1,15
41,113,96.9,8.5,0,1,7
41,125,85.1,13.1,0,1,24
41,111,87.6,10.6,0,1,6
41,103,79.5,13.3,0,1,11
41,114,100.0,3.0,0,1,2
41,109,95.2,15.3,0,1,3
41,101,87.2,11.7,0,1,27
41,107,78.2,7.8,0,1,26
41,119,92.0,6.3,0,2,18
41,120,94.8,8.1,0,1,15
42,110,43.0,21.1,0,2,29
42,123,60.2,37.8,0,2,6
42,122,74.7,17.0,1,2,27
42,115,76.9,13.5,1,1,6
42,109,59.7,27.7,0,1,11
42,120,47.9,12.3,2,2,11
42,126,59.7,17.6,0,2,49
42,124,57.1,23.8,1,1,15
42,125,89.4,12.1,1,2,12
42,121,55.1,30.8,0,1,12
42,105,38.2,9.9,1,1,12
42,128,39.6,30.0,2,2,21
42,107,29.3,6.6,3,2,2
42,102,72.6,10.6,1,2,3
42,116,100.0,1.0,2,1,23
42,108,47.1,12.7,0,1,18
42,127,73.3,23.1,1,1,5
42,111,53.3,39.5,1,2,23
42,117,33.0,6.0,1,1,9
42,114,71.6,23.2,1,1,50
42,106,47.4,15.2,1,2,37
43,121,59.0,20.8,1,2,19
43,104,63.7,4.8,2,1,7
43,127,66.5,33.0,3,2,56
43,106,94.6,23.4,1,1,30
43,123,26.6,25.0,1,1,24
43,125,54.7,10.4,2,1,8
43,126,67.1,17.7,3,2,6
43,100,58.5,1.0,4,2,2
43,103,17.5,24.1,1,1,3
43,108,65.1,13.1,1,1,5
43,113,37.8,14.7,2,2,17
43,120,79.8,1.0,1,1,13
43,114,71.2,29.3,1,1,0
43,124,25.8,37.0,1,1,6
43,117,65.5,13.1,0,2,24
43,102,48.7,11.2,3,2,14
43,101,75.6,18.5,1,1,18
43,122,46.1,22.3,0,2,3
43,112,68.5,9.8,3,2,20
43,115,31.8,34.7,1,2,6
43,107,49.8,6.1,1,2,64
43,128,52.0,7.6,0,1,11
43,111,56.6,26.2,2,1,1
43,129,85.0,17.5,0,2,26
43,116,44.6,1.5,1,1,21
43,109,67.5,1.0,2,1,2
43,118,39.8,7.5,3,2,2
43,110,63.0,29.0,1,1,36
43,119,54.5,14.1,2,2,12
44,105,53.7,3.7,2,2,16
44,121,45.2,8.0,1,1,4
44,127,96.4,5.2,1,1,18
44,116,78.6,7.6,1,1,1
44,114,58.7,7.2,1,1,51
44,123,64.1,10.4,3,2,4
44,125,61.2,5.9,1,1,23
44,104,59.4,7.8,2,1,45
44,129,83.2,8.8,1,1,41
44,100,64.2,3.9,1,1,10
44,111,70.5,6.3,1,1,19
44,119,57.2,11.2,1,1,18
44,120,53.4,8.0,2,1,5
44,110,64.7,12.1,1,1,54
44,126,70.9,6.1,1,1,10
44,106,86.6,8.5,1,1,66
44,118,48.6,11.0,3,2,58
44,102,58.0,5.1,2,2,2
44,103,83.5,2.8,1,1,0
44,107,63.2,17.0,1,1,15
44,124,64.0,8.3,1,1,1
44,115,68.6,9.7,3,2,35
44,108,47.6,6.2,1,1,15
44,128,50.9,4.4,1,1,11
44,122,50.0,6.8,1,1,14
44,112,56.3,6.7,1,1,0
45,129,86.2,16.2,0,1,28
45,124,99.4,18.8,1,2,35
45,111,91.9,7.0,0,1,1
45,109,95.2,14.0,0,1,5
45,119,75.9,4.0,0,1,19
45,125,96.9,9.5,0,1,6
45,120,89.0,10.1,1,1,17
45,128,91.1,8.0,1,2,18
45,122,80.4,8.9,1,2,1
45,126,80.8,13.4,1,2,30
45,104,82.1,11.8,0,1,13
45,105,81.5,16.0,1,2,18
45,103,89.1,10.8,1,2,74
45,113,79.7,14.0,0,1,32
45,106,94.1,17.3,0,1,17
45,114,75.8,9.4,0,1,14
45,108,100.0,8.7,0,1,9
45,116,91.2,13.2,1,2,8
45,123,94.4,15.6,0,1,1
45,102,89.0,3.9,0,1,29
45,117,99.5,14.0,0,1,43
45,101,88.0,15.5,0,1,42
45,100,86.9,10.0,1,1,3
45,115,90.3,20.0,1,1,9
45,127,100.0,15.0,0,1,2
45,121,88.6,15.6,0,1,5
45,107,95.9,16.9,0,1,8
45,110,100.0,16.6,0,1,9
45,118,85.9,18.4,0,1,21
45,112,90.3,14.5,0,1,6
46,129,68.9,24.5,1,1,10
46,118,51.1,6.5,0,2,8
46,123,54.4,20.0,0,1,8
46,109,70.1,31.0,1,1,16
46,116,70.3,8.4,0,1,99
46,108,59.8,18.4,0,1,6
46,107,54.2,23.1,0,1,37
46,119,74.4,16.1,0,1,7
46,117,39.6,9.9,0,2,36
46,106,64.4,21.3,1,2,9
46,114,52.9,8.2,2,2,4
46,111,60.6,21.5,1,1,32
46,121,49.2,16.9,0,1,39
47,103,65.0,5.2,1,1,2
47,104,70.0,9.2,0,1,6
47,107,58.3,6.8,2,1,20
47,122,50.2,10.0,1,1,32
47,121,61.8,3.8,1,1,14
47,129,63.5,5.8,1,1,52
47,123,69.0,4.5,0,1,7
47,116,47.0,8.4,1,1,58
47,112,63.1,13.0,3,2,0
47,120,49.9,10.2,1,1,2
47,126,61.6,8.5,1,1,9
47,109,45.2,12.9,2,2,25
47,106,53.2,9.5,1,2,23
47,108,66.7,10.6,0,1,3
47,113,79.7,7.8,1,1,64
47,128,78.4,9.2,2,1,1
47,105,56.3,8.5,1,1,26
47,125,50.1,8.2,1,1,55
47,115,70.5,9.0,1,1,56
47,118,59.3,13.1,3,2,53
47,111,62.8,4.2,1,1,32
47,101,70.6,10.8,1,1,22
47,124,74.8,6.8,1,1,27
47,102,70.6,15.6,1,1,7
47,127,57.2,11.7,0,1,4
47,119,90.9,2.0,0,2,54
48,119,81.2,22.9,0,1,6
48,113,31.1,15.3,0,1,9
48,101,64.0,11.2,0,1,78
48,105,55.1,16.2,1,1,35
48,124,59.3,22.0,1,1,16
48,110,45.3,18.7,1,1,1
48,108,50.1,11.4,1,1,15
48,106,67.7,11.3,1,2,33
49,101,47.8,1.0,2,1,0
49,102,60.4,8.1,3,2,25
49,118,63.3,10.0,0,2,5
49,124,100.0,2.9,1,1,1
49,120,80.7,22.7,3,2,8
49,108,100.0,19.5,0,2,19
49,109,82.9,4.6,1,1,8
49,113,60.8,14.6,1,1,6
49,110,24.4,29.3,3,2,19
49,107,73.1,23.2,0,2,14
49,103,45.3,16.7,2,2,3
49,112,83.0,9.3,1,2,2
49,122,66.4,1.0,4,3,1
49,111,98.5,14.5,1,2,18
50,108,45.4,31.7,2,2,0
50,123,82.5,8.1,4,2,29
50,102,44.5,22.1,0,1,40
50,114,82.4,14.9,0,1,7
50,112,48.8,7.9,3,3,11
50,113,77.7,25.7,1,1,11
50,106,68.8,21.4,0,1,0
50,120,55.9,1.0,3,2,2
50,115,52.2,12.6,1,1,9
50,104,43.8,16.3,1,1,17
50,109,59.3,3.7,1,1,23
50,101,69.6,32.4,3,2,13
50,117,71.4,17.6,3,2,2
50,107,30.9,9.6,1,1,6
50,128,82.7,31.2,3,2,13
50,125,69.7,11.9,1,1,32
50,124,69.2,38.2,4,2,0
50,116,60.4,5.2,1,2,36
50,122,85.6,29.6,1,2,3
51,114,53.4,16.4,4,2,26
51,107,61.1,9.3,3,2,2
51,113,64.1,23.7,1,1,14
51,118,69.0,15.1,2,1,22
51,119,35.9,5.4,1,1,64
51,120,71.8,19.7,1,2,14
51,110,59.6,2.2,0,1,1
51,104,64.9,24.1,0,1,18
51,102,4.4,30.2,1,1,1
51,111,81.0,50.1,1,1,11
51,101,47.7,22.3,1,1,17
51,121,75.6,3.5,1,2,97
51,109,91.9,17.3,5,3,1
51,123,58.3,19.2,3,3,17
51,103,56.0,17.5,3,3,1
51,112,48.7,12.5,0,1,13
51,126,55.9,25.0,1,1,9
51,106,50.4,19.8,0,1,20
51,116,64.9,14.9,0,1,0
52,117,40.2,32.9,2,1,21
52,120,34.3,34.8,2,1,8
52,129,59.3,31.1,2,2,59
52,109,48.5,21.5,7,3,3
52,121,25.9,17.2,4,3,11
52,110,35.6,34.6,2,2,16
52,127,27.6,43.9,3,2,4
52,105,29.4,26.1,3,3,67
52,106,43.9,32.0,6,4,36
52,125,50.6,18.8,2,2,21
52,112,51.5,30.3,0,2,12
52,122,31.3,44.4,1,1,25
52,114,46.3,19.2,1,2,10
52,124,50.5,42.5,3,2,3
52,119,38.0,23.8,5,3,37
52,123,31.9,36.0,2,2,9
52,104,35.3,41.9,4,3,53
52,107,71.4,38.4,2,2,6
52,103,43.8,22.4,6,3,3
52,116,28.5,24.1,4,2,8
52,115,53.3,25.9,1,2,1
52,118,47.9,38.3,3,2,14
52,102,52.7,16.2,4,3,27
52,111,17.0,26.9,8,4,53
53,124,82.6,2.5,1,1,40
53,120,67.4,5.7,0,1,20
53,112,64.5,10.5,1,1,42
53,113,43.7,8.7,2,1,21
53,101,61.6,10.6,1,1,13
53,128,62.1,10.5,1,1,12
53,109,84.9,5.5,1,1,2
53,105,41.2,12.2,1,1,47
53,116,55.2,11.6,1,1,7
53,108,60.0,8.0,1,1,31
53,114,84.8,7.1,1,1,18
53,104,59.8,7.9,1,1,11
53,106,64.1,10.6,2,1,83
53,115,60.7,7.5,1,1,7
53,123,79.9,7.9,1,1,47
53,121,81.6,5.4,2,1,0
53,111,60.3,10.2,1,1,5
53,118,77.0,4.5,1,1,5
53,129,56.1,9.4,1,1,3
53,117,47.9,9.3,1,1,30
53,125,69.2,1.9,2,1,10
53,127,62.3,10.2,3,2,8
53,126,71.9,15.7,1,1,3
53,107,46.1,11.7,1,1,34
53,103,56.3,12.5,1,1,20
53,122,37.8,4.2,1,1,2
53,119,86.0,5.8,1,1,49
53,100,93.4,2.7,2,1,6
53,110,65.1,9.7,4,2,59
53,102,56.5,5.2,1,1,45
54,127,50.2,11.6,1,1,10
54,110,64.1,9.1,2,1,90
54,102,85.8,7.4,1,1,0
54,117,52.2,11.2,2,2,17
54,121,56.7,7.0,1,2,0
54,107,86.6,9.9,2,2,12
54,123,54.8,8.4,1,1,12
54,124,63.2,6.8,1,1,63
54,111,71.2,14.2,1,2,3
54,104,69.9,7.8,1,1,28
54,103,90.8,7.2,1,1,15
54,114,74.1,11.3,1,1,54
54,128,61.5,10.5,1,1,8
54,126,54.9,13.3,1,1,24
54,100,41.6,5.0,2,2,32
54,122,62.7,7.9,0,1,4
54,106,63.3,12.5,1,1,1
54,129,60.3,5.3,1,1,2
54,112,68.8,8.6,1,1,48
54,115,83.9,9.8,1,1,12
54,105,64.5,13.2,2,2,19
54,118,84.5,10.4,1,1,10
55,119,63.3,1.7,1,1,24
55,123,54.7,7.0,3,2,17
55,115,63.0,7.9,1,1,20
55,107,58.1,4.7,1,1,27
55,117,63.4,10.6,2,1,13
55,125,84.3,16.4,1,1,4
55,116,56.2,8.3,1,1,0
55,113,54.4,9.2,0,1,42
55,120,47.9,5.4,1,1,13
55,100,74.5,11.2,1,1,53
55,101,76.9,9.1,0,1,8
55,112,59.7,11.5,1,2,2
55,111,47.6,4.6,1,1,29
55,129,73.1,10.0,1,1,17
55,104,63.6,13.1,1,1,16
55,110,48.8,7.2,1,1,8
55,128,72.8,7.3,1,1,54
55,109,39.6,9.4,2,1,18
55,124,80.4,5.0,1,1,84
55,102,81.5,12.5,1,1,0
55,108,72.2,2.7,1,1,15
56,117,86.8,11.8,0,1,18
56,128,79.3,11.8,0,1,1
56,107,88.7,11.9,0,2,38
56,101,79.3,17.7,0,1,20
56,109,92.1,11.0,0,1,3
56,122,85.1,10.2,0,1,100
56,112,85.4,12.8,0,1,30
56,115,86.1,9.7,0,1,10
56,121,81.7,12.4,0,1,45
56,103,79.2,13.7,0,2,0
56,100,96.6,4.8,1,2,11
56,114,87.2,9.1,0,1,3
56,123,87.1,8.4,0,1,8
56,124,82.9,11.5,0,1,39
56,110,92.6,5.9,0,1,4
56,125,74.2,15.3,0,1,2
56,102,86.0,13.8,0,1,59
56,116,79.3,10.8,0,1,5
56,120,81.7,18.9,0,1,6
56,111,88.0,10.0,0,1,0
56,106,97.5,10.4,0,1,97
56,129,78.8,10.2,0,1,19
56,127,100.0,16.5,0,1,3
56,126,69.5,16.4,1,1,17
56,119,95.3,11.6,0,1,9
57,104,88.0,31.5,1,2,42
57,117,74.3,51.9,1,2,14
57,113,84.7,53.6,1,2,21
57,110,89.7,28.1,0,2,64
57,123,90.4,34.7,1,1,4
57,129,70.1,19.1,0,1,15
57,103,86.7,31.6,0,2,17
57,101,75.5,52.3,1,2,10
57,114,93.7,30.7,1,2,3
57,127,86.0,30.9,0,2,4
57,116,83.1,30.8,0,2,0
57,107,75.1,34.5,0,2,22
57,105,71.0,56.1,1,2,18
57,125,62.2,12.0,0,2,14
57,109,81.9,43.3,0,1,0
57,124,83.1,30.3,1,2,17
57,126,72.9,41.7,1,2,0
57,112,77.3,11.0,1,1,17
57,111,97.0,34.8,0,1,0
57,115,70.9,49.8,1,3,9
57,120,68.3,48.9,1,2,41
57,106,74.7,36.3,1,1,11
57,121,90.4,33.2,0,2,0
57,102,72.1,30.6,1,2,26
57,108,77.9,42.2,1,2,0
57,118,78.9,25.7,1,2,10
58,104,81.3,11.1,0,1,42
58,122,99.2,6.3,0,1,3
58,109,80.2,6.6,0,1,39
58,107,76.8,15.3,0,1,14
58,127,84.5,9.1,0,1,11
58,110,81.4,3.9,0,1,0
58,111,97.6,19.8,1,2,19
58,106,100.0,19.4,1,2,28
58,102,87.7,10.6,0,1,6
58,118,69.2,18.9,0,1,28
58,117,90.4,17.8,1,1,2
58,125,89.7,17.7,0,1,6
58,103,73.1,14.2,1,1,42
58,119,100.0,9.8,0,1,13
58,126,91.2,7.6,0,1,34
58,115,83.8,13.3,0,1,5
58,128,96.7,10.8,0,1,3
58,100,76.3,8.4,0,1,20
58,121,93.7,5.6,0,1,8
58,108,76.4,9.6,0,1,1
58,113,82.7,17.9,0,1,8
58,129,89.0,16.9,0,1,0
58,101,99.9,17.2,0,1,0
58,124,86.6,18.7,0,1,62
58,105,78.3,14.2,0,1,69
59,102,46.2,24.3,2,1,2
59,124,16.7,17.1,2,2,21
59,119,52.7,18.5,0,2,12
59,122,53.3,8.9,3,2,3
59,105,57.3,26.8,2,2,26
59,116,47.3,26.4,1,2,11
59,118,76.6,12.5,3,2,11
59,123,59.1,16.3,3,2,34
59,126,71.4,28.3,1,1,32
59,114,66.9,23.8,1,2,1
59,106,83.3,19.9,1,1,37
59,109,37.1,14.4,1,1,3
59,103,27.1,21.5,2,2,15
59,110,44.0,10.3,1,1,7
59,113,56.2,13.8,2,1,27
59,111,48.8,50.9,0,2,11
59,115,41.8,27.1,1,1,17
59,108,71.3,27.7,1,2,15
59,128,84.2,19.3,4,3,9
59,100,65.0,19.4,1,1,50
60,108,61.5,16.1,1,2,47
60,110,64.1,24.0,1,1,21
60,129,48.5,12.7,1,1,24
60,100,46.0,30.6,1,1,3
60,120,76.7,26.5,2,2,15
60,128,49.5,9.9,4,3,8
60,119,60.8,15.0,1,1,0
60,115,40.9,3.2,1,1,28
60,112,42.5,24.5,2,2,24
60,116,44.3,19.1,1,1,48
60,101,78.4,14.6,1,2,25
60,113,67.6,29.7,3,3,19
60,121,54.2,29.0,1,1,16
60,106,37.6,22.7,1,1,21
60,107,50.0,8.3,0,1,1
60,104,62.0,14.9,2,3,1
60,118,39.2,18.7,3,2,14
61,113,39.7,10.9,1,2,20
61,109,72.3,8.4,1,1,0
61,108,31.6,18.8,1,1,2
61,128,70.8,27.4,1,1,5
61,122,42.1,16.9,1,1,20
61,114,56.1,16.1,1,1,7
61,112,54.3,11.9,0,1,1
61,127,50.8,9.0,2,2,22
61,129,47.8,14.9,1,1,21
61,115,50.8,1.0,1,1,21
61,116,74.8,24.7,1,2,34
62,128,39.3,19.5,0,1,34
62,119,48.7,13.9,2,1,0
62,101,61.6,13.6,3,2,4
62,122,73.7,24.1,0,1,41
62,117,45.5,7.4,0,1,21
62,111,58.6,10.1,1,2,21
62,123,56.8,25.0,0,2,0
62,115,35.3,16.9,1,1,5
62,109,60.3,23.7,1,2,1
62,116,63.7,33.5,0,1,4
62,112,54.5,1.0,0,1,22
62,107,76.2,8.9,1,1,16
62,120,45.0,15.1,1,1,0
62,102,71.0,20.0,0,2,24
62,114,53.4,16.3,1,2,7
62,110,88.9,25.5,0,1,2
62,125,62.2,10.5,1,2,45
62,104,70.5,6.9,3,2,9
62,126,84.9,29.3,0,2,46
62,103,75.3,2.5,1,1,13
62,106,48.5,11.6,2,2,38
62,100,81.0,10.0,2,2,1
62,129,76.8,19.5,2,2,5
62,108,47.4,11.7,2,2,29
62,121,63.6,1.0,1,1,10
62,124,62.4,1.0,1,1,27
63,129,66.2,10.9,1,1,26
63,122,70.1,3.5,1,1,15
63,114,70.7,6.4,2,2,0
63,105,72.3,13.2,1,1,6
63,117,85.7,9.3,2,1,9
63,123,45.8,7.4,1,1,19
63,111,55.8,3.8,2,2,18
63,112,74.6,9.4,1,1,20
63,101,73.4,10.3,1,1,14
63,115,57.3,9.2,1,1,11
63,120,59.0,6.5,1,1,51
63,116,81.7,9.7,1,1,4
63,118,70.3,8.0,1,1,0
63,109,82.8,7.9,1,1,0
63,102,39.0,11.3,1,1,7
63,119,47.4,13.9,1,1,15
63,110,58.1,7.9,1,1,14
63,127,58.5,10.8,1,1,41
63,126,63.9,6.4,1,1,33
63,103,89.9,7.9,1,1,7
63,125,56.7,3.4,2,1,43
63,100,60.4,12.1,1,1,2
63,106,68.6,5.5,1,1,16
63,128,61.3,7.1,0,1,20
63,113,57.3,10.9,2,1,0
63,121,58.3,8.7,1,1,93
64,111,52.9,1.8,0,1,27
64,104,54.0,19.4,0,1,4
64,120,55.5,16.6,1,1,16
64,102,42.0,11.2,1,2,84
64,109,68.9,30.0,1,1,3
65,114,67.5,6.6,1,1,3
65,106,77.3,6.2,1,1,27
65,113,56.8,7.3,1,1,22
65,120,58.3,13.3,1,1,5
65,118,56.1,11.1,2,2,26
65,119,47.8,11.9,1,1,32
65,116,45.7,8.5,0,1,42
65,124,86.7,7.3,3,2,13
65,121,59.9,7.6,1,1,20
65,100,50.3,11.2,1,1,14
65,115,55.6,9.7,1,1,76
65,117,60.8,10.6,1,1,17
65,101,54.4,8.6,1,1,18
65,104,60.0,9.6,1,1,67
65,107,65.9,5.1,1,1,2
65,127,63.5,9.7,1,1,19
65,109,81.2,6.4,1,1,7
65,129,48.5,15.7,1,1,5
66,113,31.2,39.5,3,2,12
66,111,40.2,17.0,2,1,18
66,129,46.7,28.9,5,3,10
66,114,30.3,33.7,0,2,19
66,104,29.6,31.7,5,4,13
66,118,43.8,40.7,3,2,11
66,126,39.7,37.2,5,2,5
66,110,45.4,32.4,2,3,57
66,123,57.1,30.2,3,2,112
66,120,39.7,22.0,5,3,6
66,119,46.7,16.0,5,3,1
66,124,67.4,14.5,2,2,14
66,112,42.2,26.1,3,3,17
66,125,29.7,25.1,1,1,50
66,117,32.6,35.0,4,2,4
66,127,41.7,23.5,3,2,11
66,100,48.2,21.5,3,3,27
67,116,49.2,10.8,1,2,5
67,105,66.9,13.5,1,2,17
67,127,71.2,11.4,1,1,6
67,120,33.8,7.1,1,1,0
67,106,52.6,3.2,1,1,4
67,124,56.8,19.1,1,2,63
67,117,42.6,3.3,0,1,22
67,112,43.3,1.3,1,2,11
67,126,68.5,9.9,1,2,21
68,104,33.3,3.4,1,2,5
68,128,50.9,7.5,1,1,8
68,103,65.1,9.4,1,1,14
68,120,62.2,13.2,1,1,12
68,115,49.0,8.6,1,1,2
68,102,66.0,7.8,1,1,2
68,125,66.0,6.1,1,2,37
68,123,56.9,14.1,1,1,31
68,110,68.7,11.7,1,1,1
68,106,37.9,8.3,1,1,6
68,101,69.7,2.9,1,1,13
68,105,80.2,9.8,2,1,1
68,100,85.0,3.6,1,1,15
68,108,72.6,10.8,1,1,2
68,116,71.4,8.9,1,1,4
68,109,41.2,7.6,1,1,7
68,127,57.4,8.4,0,1,4
68,117,69.1,1.0,1,1,1
68,126,69.2,10.6,1,1,12
68,119,65.6,6.1,2,1,4
68,129,58.3,5.1,1,1,44
68,114,55.1,9.3,1,1,7
68,107,86.8,10.1,1,1,40
69,111,83.7,11.9,1,2,17
69,126,78.3,17.3,0,1,25
69,119,96.2,2.3,0,1,18
69,116,83.9,8.7,0,1,34
69,101,79.1,6.6,1,2,6
69,106,83.7,8.8,0,2,28
69,107,98.6,15.4,0,1,19
69,123,77.6,8.2,0,1,76
69,110,93.4,13.8,1,2,22
69,125,91.8,15.9,0,1,77
69,117,86.1,13.8,0,1,29
69,113,82.1,16.4,0,1,28
69,115,74.1,12.1,0,1,30
69,109,78.8,14.8,1,2,55
69,103,78.9,6.6,0,1,16
69,118,85.4,11.6,0,1,64
69,105,86.7,11.2,1,2,1
69,102,91.3,14.2,0,1,14
69,124,79.4,14.6,0,1,18
69,114,92.5,9.8,0,2,8
69,112,77.7,7.9,0,1,30
69,129,92.0,8.7,0,2,21
69,104,88.6,8.3,0,2,57
70,102,58.0,8.7,1,1,16
70,128,50.0,9.2,2,2,11
70,126,67.1,4.6,1,1,26
70,112,61.7,6.4,1,1,12
70,109,72.0,5.8,1,1,26
70,121,67.5,7.9,1,1,19
70,113,82.7,4.5,1,1,1
70,107,70.4,16.3,1,1,7
70,116,50.1,7.1,1,1,2
70,114,61.0,6.9,1,1,8
70,125,49.9,10.3,1,1,89
70,129,85.9,6.7,1,1,17
70,120,63.0,7.2,1,1,4
70,104,55.6,9.7,1,1,32
70,100,44.2,9.9,1,1,47
70,122,65.7,10.8,1,1,31
70,115,70.7,1.0,2,2,10
70,127,62.0,2.4,1,1,25
70,105,60.7,7.3,1,1,60
70,110,47.4,14.7,3,2,4
70,101,62.8,11.5,0,1,63
70,123,79.8,7.9,1,1,36
70,118,77.2,3.2,1,1,12
70,119,67.3,7.0,1,1,30
71,125,54.0,26.7,1,1,7
71,111,48.6,12.7,1,2,21
71,105,50.6,19.3,2,3,21
71,126,24.2,13.3,4,2,6
71,106,58.1,32.6,1,1,11
72,108,37.3,33.1,5,3,21
72,121,22.0,36.1,3,2,4
72,112,32.7,20.7,4,3,4
72,106,39.9,36.2,4,3,79
72,104,44.8,37.5,3,2,0
72,129,43.5,41.8,4,3,14
72,122,33.6,26.6,5,3,2
72,118,28.7,35.8,2,2,5
72,117,59.6,30.1,5,3,22
72,116,50.7,17.4,7,4,35
72,114,29.6,32.0,3,2,3
72,105,46.6,23.7,2,3,45
72,123,50.6,32.8,2,2,7
72,107,48.7,31.2,3,2,28
72,126,44.5,14.9,7,3,7
72,101,42.4,26.2,3,2,19
73,106,43.4,7.9,1,1,4
73,117,59.5,6.2,0,1,89
73,127,64.0,8.3,1,1,4
73,112,63.9,6.7,2,2,11
73,113,98.7,7.4,1,1,11
73,100,68.1,8.6,1,1,5
73,123,92.4,11.6,1,1,66
73,120,60.4,10.8,2,2,37
73,116,94.5,8.3,2,2,0
73,119,59.7,10.8,1,2,4
73,105,76.8,7.6,1,1,57
73,122,57.7,8.6,1,1,36
73,103,64.4,5.1,1,1,16
73,124,36.5,5.0,1,1,31
73,125,64.4,12.9,1,2,13
73,102,50.2,4.4,1,1,6
73,109,54.0,10.1,1,1,26
73,111,65.1,7.4,1,1,4
73,101,71.6,8.4,1,1,32
73,107,56.2,7.8,1,1,40
73,108,45.3,7.0,2,1,69
73,104,57.0,6.9,1,1,17
74,119,99.2,12.7,0,2,45
74,125,82.8,12.9,0,1,15
74,124,82.1,15.5,0,2,31
74,113,92.0,10.7,0,1,24
74,118,85.8,11.6,0,2,20
74,127,78.4,12.6,0,1,0
74,112,93.5,10.5,0,1,16
74,120,92.8,1.6,0,1,13
74,101,88.3,15.0,0,1,23
74,105,87.1,11.2,0,1,29
74,114,89.8,12.6,0,1,22
74,121,100.0,12.9,0,1,8
75,106,61.8,10.6,1,2,5
75,100,88.1,18.6,2,1,10
75,105,53.5,27.6,3,2,5
75,114,66.4,6.1,2,2,3
75,109,57.1,15.5,1,1,17
75,127,48.9,23.5,2,2,40
75,121,34.0,10.2,2,1,5
75,122,59.4,1.0,1,1,29
75,101,46.0,26.6,1,1,7
75,116,53.1,11.1,3,3,32
75,126,46.3,32.1,2,2,150
75,125,60.0,13.6,2,2,101
75,102,26.4,1.0,1,2,1
75,124,62.7,17.4,2,2,19
75,123,53.5,22.3,5,3,92
75,119,53.0,2.3,4,3,0
75,113,63.3,31.8,3,2,38
75,120,53.0,25.7,2,2,22
75,118,82.7,34.6,1,1,23
75,128,69.7,12.8,3,3,16
75,117,95.2,13.5,0,2,0
75,111,30.2,25.5,2,2,68
75,115,75.2,6.6,3,2,11
76,120,91.1,3.7,1,1,9
76,112,47.5,12.6,1,1,12
76,128,92.7,7.9,3,2,3
76,106,56.8,12.3,1,2,0
76,117,62.3,4.9,1,1,27
76,125,52.8,6.5,1,1,14
76,105,70.9,13.4,1,1,24
76,123,55.9,7.5,1,1,14
76,114,72.2,11.8,2,1,12
76,126,51.9,14.3,1,1,9
76,109,86.7,8.6,0,1,36
76,129,37.8,10.3,1,1,46
76,100,78.9,7.5,1,1,17
76,118,48.7,9.7,1,1,1
76,101,47.6,10.1,1,1,4
76,115,54.3,10.7,1,1,1
76,108,86.6,11.2,2,1,4
76,124,47.6,1.0,1,1,18
76,111,51.8,13.3,1,1,12
76,121,80.1,11.9,1,1,1
76,107,71.1,3.0,1,1,12
76,110,46.0,7.4,1,1,10
76,116,59.3,7.1,1,1,8
76,102,45.4,7.8,1,1,23
76,104,64.8,8.6,1,1,5
77,102,59.2,28.8,2,2,0
77,115,28.2,37.5,8,5,5
77,124,11.6,14.5,4,4,3
77,107,49.9,39.9,2,2,0
77,103,35.1,31.3,7,3,17
77,111,55.8,19.4,3,3,16
77,126,50.3,28.4,8,4,10
77,106,51.2,42.1,2,1,15
77,123,35.2,32.5,2,3,49
77,121,43.2,26.5,8,3,6
77,128,33.2,17.6,2,2,9
77,110,47.4,24.3,4,4,38
77,104,49.7,35.1,5,3,4
77,118,34.0,35.3,6,3,30
77,105,31.1,34.6,2,1,49
77,112,35.1,24.6,2,2,36
78,104,44.2,36.6,1,1,5
78,101,38.8,36.6,3,2,6
78,128,47.5,21.9,3,3,18
78,103,48.2,17.1,4,3,4
78,127,52.0,31.8,4,2,0
78,102,26.2,2.4,2,2,40
78,129,18.3,22.8,3,3,17
78,109,35.3,27.7,5,3,6
78,120,32.2,24.3,3,3,1
78,114,37.4,27.2,1,2,14
78,112,53.6,13.7,6,3,3
78,119,37.0,20.5,3,2,2
79,119,82.1,34.4,1,2,4
79,116,65.0,30.9,1,2,14
79,105,72.0,40.1,0,1,9
79,106,75.1,17.3,0,1,13
79,115,77.3,22.5,2,3,18
79,112,70.3,25.5,0,2,24
79,125,96.2,30.8,0,2,13
79,101,50.6,31.0,0,2,5
79,129,90.8,22.3,0,3,4
79,103,81.3,30.5,1,2,19
79,117,71.7,32.9,0,1,15
79,124,69.7,31.2,1,2,9
79,121,60.1,39.2,1,2,16
79,120,78.5,36.6,0,1,10
79,100,87.0,34.8,1,2,4
79,109,91.7,64.1,1,2,3
79,127,86.1,26.7,0,1,1
79,122,65.5,28.5,1,2,8
79,128,67.3,56.2,0,1,16
79,104,69.8,34.7,1,2,27
79,114,83.9,32.1,1,2,49
79,108,64.8,33.5,0,1,17
79,111,81.4,34.6,0,1,26
80,125,60.8,16.7,1,1,18
80,101,61.5,10.0,1,1,36
80,107,63.7,12.7,1,1,18
80,103,75.9,1.0,1,1,40
80,114,93.5,25.1,0,2,5
80,111,49.0,9.8,1,2,37
80,122,21.3,18.8,1,1,0
80,100,37.7,19.6,1,1,9
80,108,56.9,10.3,1,2,46
80,123,91.8,22.2,1,1,9
80,105,51.3,14.8,1,1,15
80,126,52.9,12.3,2,4,37
80,124,28.0,25.6,2,3,32
80,117,74.8,16.1,1,1,3
80,121,67.9,11.2,2,1,26
81,129,68.5,20.0,0,1,51
81,121,54.0,12.8,0,3,21
81,109,42.1,15.9,1,3,12
81,119,54.7,9.1,1,2,14
82,103,78.9,10.1,1,1,2
82,119,60.8,10.2,2,1,7
82,105,63.9,4.5,1,1,94
82,108,58.2,5.1,1,1,15
82,115,58.5,11.0,1,1,91
82,114,48.0,4.2,1,1,37
82,109,56.1,5.5,1,1,33
82,126,93.1,11.8,1,1,12
82,121,72.4,7.0,2,2,1
82,113,65.8,13.2,2,1,1
82,122,44.3,5.7,1,1,28
82,112,66.4,11.4,1,1,20
82,100,58.6,15.7,1,1,25
82,107,63.4,8.4,1,1,27
82,129,50.6,9.1,1,1,0
83,125,100.0,10.8,0,1,7
83,117,88.8,12.4,0,1,60
83,102,91.7,14.6,0,1,6
83,115,84.0,12.8,0,1,10
83,114,79.8,3.9,0,1,14
83,112,93.1,21.4,0,1,27
83,122,88.0,9.5,0,1,13
83,128,74.8,8.7,0,1,6
83,108,100.0,10.1,0,1,2
83,123,86.9,10.3,0,1,30
83,118,98.2,12.0,0,1,4
83,119,78.3,14.5,0,1,68
83,100,86.1,10.1,1,2,3
83,129,100.0,10.5,0,2,24
83,101,94.0,6.0,0,1,21
83,127,87.5,12.2,0,1,8
83,109,91.8,11.9,0,1,57
83,103,84.5,10.1,0,1,1
83,110,94.7,12.4,1,2,16
84,111,63.4,18.0,2,2,2
84,118,49.7,6.9,2,2,22
84,110,48.7,23.1,1,2,31
84,107,79.1,4.2,4,2,15
84,115,74.8,25.1,0,3,14
84,104,77.0,14.6,2,2,0
84,103,54.5,12.8,1,1,84
84,122,79.1,24.5,1,2,37
84,127,59.9,47.0,1,2,17
84,106,74.6,4.3,2,3,66
84,128,60.5,29.4,0,1,1
84,120,19.1,15.0,2,2,4
84,124,72.4,42.1,1,1,1
84,101,79.1,17.4,2,3,29
84,102,71.9,17.7,2,2,17
84,109,55.9,11.0,0,1,20
84,117,35.3,15.8,3,2,7
84,123,58.2,22.6,3,2,38
84,100,19.0,26.1,0,1,14
84,105,84.6,5.4,1,3,2
84,114,35.6,18.4,0,2,25
84,113,50.1,13.1,4,2,4
84,108,22.4,27.0,0,1,5
84,116,68.9,15.4,4,3,11
84,129,35.4,35.0,2,1,8
85,100,82.1,36.8,1,2,6
85,117,86.6,18.6,0,1,24
85,113,85.2,35.2,0,2,33
85,120,67.9,38.5,0,1,54
85,103,76.5,43.1,0,2,80
85,104,66.5,19.7,1,2,32
85,105,85.4,34.9,0,2,19
85,119,68.1,27.4,1,2,18
85,116,67.9,33.9,0,1,1
85,115,87.6,31.0,1,2,21
85,121,74.1,31.6,1,2,58
85,102,77.7,19.5,0,2,25
85,127,91.8,33.3,0,1,18
85,110,77.2,29.9,1,2,13
85,123,65.1,39.1,0,1,15
85,124,63.0,35.7,1,2,4
85,126,62.2,46.5,0,2,24
85,101,82.1,41.1,1,2,27
85,129,70.6,16.4,1,1,21
85,108,82.1,29.3,1,2,14
85,118,74.8,47.9,0,1,7
85,112,82.5,29.4,1,2,4
85,107,78.9,34.6,1,3,80
85,106,82.3,44.7,1,2,1
85,111,79.5,46.1,0,1,16
85,122,73.7,37.2,1,2,83
86,109,52.9,30.8,2,2,1
86,112,72.9,15.4,2,2,3
86,103,59.1,25.9,0,1,0
86,117,43.8,4.8,1,1,27
86,110,17.3,14.2,1,2,3
86,101,80.9,26.0,0,2,15
86,113,72.7,42.6,0,1,0
86,102,54.5,24.5,2,2,34
86,120,70.5,15.4,1,1,27
86,107,81.7,16.3,1,1,4
87,107,95.2,6.1,0,1,0
87,129,99.7,5.7,0,1,3
87,102,86.5,13.6,0,1,26
87,106,89.5,15.6,0,1,104
87,115,91.3,12.0,0,1,72
87,121,85.7,5.6,0,1,8
87,124,92.8,14.2,0,2,88
87,118,79.6,9.2,0,1,26
87,100,100.0,14.0,0,2,42
87,108,96.4,4.6,0,1,23
87,103,86.5,7.3,0,1,16
87,127,81.5,13.6,0,1,51
87,117,91.4,8.4,0,1,48
87,101,89.2,21.4,0,1,0
87,109,74.0,7.5,0,1,55
87,126,91.1,12.5,0,1,43
87,125,89.1,9.7,0,1,0
87,111,73.9,8.3,0,1,15
87,105,84.0,15.1,0,1,40
87,116,100.0,9.7,0,1,10
87,119,74.2,13.2,0,1,41
87,128,84.9,14.4,0,2,7
87,120,82.2,8.5,0,1,30
87,114,100.0,13.7,0,1,16
87,122,94.4,5.4,0,1,16
87,123,97.9,17.5,0,1,0
88,106,36.7,28.9,3,2,25
88,110,44.2,31.6,4,2,33
88,115,51.2,29.7,6,3,24
88,107,40.6,35.2,2,2,6
88,116,21.1,34.6,2,2,7
88,119,42.5,25.3,3,2,8
88,121,32.7,36.7,1,1,18
88,117,47.0,16.4,3,2,12
88,128,46.0,18.5,3,2,8
88,125,41.1,27.9,5,2,4
89,104,60.4,1.0,2,2,18
89,117,60.1,8.6,1,2,8
89,128,60.5,5.4,1,1,55
89,125,61.6,26.1,2,2,5
89,120,63.9,30.1,3,2,21
89,100,56.0,16.8,3,2,32
89,127,58.4,4.3,1,2,27
89,122,97.0,28.1,2,2,59
89,123,100.0,26.0,0,1,54
89,109,58.9,3.7,2,2,7
89,105,68.8,11.9,1,2,41
89,111,49.4,29.3,2,1,67
89,118,45.2,1.0,1,2,7
89,112,48.2,13.9,3,3,7
89,121,69.9,14.9,1,1,7
89,119,79.9,15.4,2,2,70
89,116,37.3,9.9,1,1,52
89,106,32.9,12.0,1,1,13
89,129,51.4,3.9,2,2,28
89,126,54.8,29.3,0,1,21
89,102,61.5,24.7,2,2,32
89,113,76.6,29.6,1,2,6
90,111,56.4,11.0,1,1,40
90,124,62.9,10.1,0,1,12
90,121,47.3,15.8,1,1,48
90,106,51.7,28.3,0,3,86
90,105,42.9,19.5,2,1,4
90,122,57.5,33.9,2,2,65
90,118,32.6,11.9,4,3,4
90,102,40.5,27.1,0,1,0
90,109,99.1,37.0,1,1,48
90,107,61.6,19.6,3,2,41
90,114,71.1,11.0,1,2,29
90,119,67.6,18.7,0,2,13
90,127,54.6,3.6,1,1,20
90,112,62.9,28.3,1,2,48
90,101,74.6,29.9,0,2,48
90,110,53.5,1.0,4,3,0
90,116,37.8,28.3,0,1,9
91,106,74.0,10.9,1,1,31
91,118,60.7,7.3,1,1,10
91,102,78.5,12.0,1,1,6
91,100,70.5,15.8,1,1,10
91,109,62.6,7.2,1,1,2
91,123,68.3,6.6,1,1,34
91,124,67.9,8.9,1,1,20
91,104,88.2,8.3,2,1,7
91,121,69.9,8.1,1,1,1
91,113,57.0,7.0,2,1,43
91,117,71.0,7.2,1,1,15
91,110,74.1,8.6,2,1,9
91,125,56.4,9.5,1,1,24
91,127,35.7,8.2,1,1,4
91,112,66.1,12.0,1,1,15
91,128,73.4,6.4,1,1,38
91,122,79.7,6.8,1,2,16
91,120,84.0,5.3,1,1,2
91,119,67.4,4.1,1,1,6
91,101,50.0,11.1,1,1,40
91,108,50.7,9.6,1,1,22
91,114,51.1,10.8,1,1,66
92,123,85.5,23.2,1,1,11
92,122,75.4,12.4,5,3,3
92,101,43.1,7.8,1,1,4
92,114,69.9,30.9,1,2,1
92,112,66.0,16.5,2,2,12
92,117,37.4,20.2,1,1,43
92,119,79.5,32.0,2,2,3
92,103,25.3,31.4,1,1,1
92,124,35.1,8.8,3,3,36
92,118,57.5,28.9,0,2,18
92,120,79.3,16.5,1,1,10
92,107,30.8,15.7,4,4,1
92,111,39.8,35.7,3,2,13
92,100,85.1,9.5,2,2,3
92,110,66.4,11.7,0,2,7
92,129,76.6,14.3,1,1,10
93,115,82.6,22.7,1,1,77
93,107,65.6,13.3,1,1,17
93,112,69.4,14.5,2,1,65
93,124,65.8,11.2,0,2,5
93,125,36.9,10.8,1,2,26
93,108,77.8,14.8,2,2,50
93,103,66.3,27.9,0,1,6
93,127,69.9,22.9,0,1,19
93,116,63.2,14.5,1,1,21
93,123,60.1,19.1,1,1,4
93,122,41.1,17.6,3,2,20
94,108,47.2,7.3,1,1,18
94,117,59.3,8.1,1,1,3
94,109,73.1,7.0,1,1,66
94,103,87.2,6.3,1,1,27
94,105,65.1,9.7,1,1,22
94,101,71.8,6.5,1,1,24
94,115,68.9,9.9,2,1,33
94,112,66.3,10.8,1,1,57
94,127,61.1,4.4,2,1,49
94,122,78.3,1.0,2,1,34
94,121,65.3,10.3,1,1,7
94,126,90.1,4.3,1,1,58
94,120,79.8,8.1,1,1,40
94,125,57.4,4.2,1,1,9
94,129,66.2,8.7,1,1,11
94,104,93.7,4.8,1,1,3
94,106,58.4,8.7,2,2,27
95,128,47.4,20.5,1,2,2
95,104,51.5,25.4,0,1,17
95,114,32.8,17.1,1,1,4
95,127,91.0,14.5,0,1,3
95,121,56.8,19.6,1,1,36
95,115,57.1,10.2,3,2,46
95,102,65.8,1.0,0,2,12
95,116,35.3,13.5,0,2,67
95,126,47.3,26.1,0,2,4
95,107,78.3,20.0,1,1,13
95,122,46.9,3.0,1,1,18
96,110,55.1,28.6,1,2,35
96,116,46.5,42.0,6,3,57
96,126,40.5,37.8,4,2,20
96,122,45.3,25.4,4,2,2
96,127,46.1,24.7,3,2,15
96,125,50.8,21.7,1,1,10
96,128,38.1,23.9,7,3,37
96,115,69.3,26.1,2,3,1
96,100,42.5,27.5,1,1,21
96,105,39.2,37.4,3,3,3
96,123,42.5,28.4,3,2,51
96,106,39.8,17.1,8,4,13
96,104,39.1,19.9,4,2,0
96,102,13.7,36.2,8,4,4
96,118,56.4,28.4,1,1,30
97,125,66.4,26.1,4,3,52
97,123,45.2,33.4,3,3,18
97,112,36.5,21.3,5,3,6
97,117,35.1,40.4,3,2,30
97,105,55.6,37.4,4,3,1
97,103,65.1,34.9,4,2,19
97,106,58.9,39.8,3,2,35
97,109,73.4,22.1,5,4,62
97,128,40.6,28.0,3,2,17
97,122,44.9,23.7,3,2,0
97,116,55.3,30.2,1,1,5
97,115,55.5,38.4,6,4,4
97,113,24.5,31.4,3,2,10
97,110,45.6,21.1,3,3,39
97,120,67.2,36.5,4,3,18
98,118,47.5,18.2,3,2,6
98,129,57.6,25.9,3,2,1
98,124,43.3,9.4,1,1,10
98,126,31.7,13.0,1,2,8
98,106,53.9,10.8,2,2,32
98,105,55.1,22.7,0,1,22
98,125,51.6,4.8,2,1,12
98,123,54.3,39.3,1,2,12
98,114,68.6,35.0,0,1,31
98,116,62.1,3.9,0,1,53
98,104,49.8,22.0,1,1,26
98,112,51.5,40.1,2,2,1
98,107,41.7,29.7,1,1,2
98,108,65.1,18.6,1,1,22
98,117,66.5,26.2,0,1,27
98,120,72.6,32.2,1,1,1
98,113,66.6,15.0,1,1,14
98,121,48.7,10.3,0,2,6
98,122,37.0,30.0,1,1,0
98,127,48.1,14.0,1,2,28
98,109,82.0,13.7,0,1,15
98,100,66.1,3.7,3,2,1
98,119,66.0,24.4,2,3,71
98,102,29.3,35.6,1,3,14
98,115,53.5,30.2,0,1,50
98,101,66.2,22.5,1,1,22
98,103,43.2,19.1,1,1,20
98,128,53.9,12.5,0,1,34
98,110,54.0,4.2,1,2,5
99,116,82.4,37.0,1,2,0
99,106,64.7,20.5,1,1,19
99,103,88.1,28.9,1,2,19
99,121,95.2,42.1,1,2,12
99,119,76.5,33.8,0,1,5
99,102,89.2,39.9,0,3,29
99,115,65.8,24.2,1,1,3
99,127,77.8,27.9,1,1,3
99,126,92.2,38.6,0,1,36
99,124,76.7,30.0,1,1,40
99,114,84.5,29.3,0,2,19
99,108,57.2,20.9,2,2,11
99,105,68.8,37.0,1,3,15
99,109,77.0,30.4,0,2,24
99,111,65.5,43.0,1,2,30
100,111,87.4,10.0,0,1,27
100,113,77.5,16.3,0,1,15
100,110,95.3,9.0,0,2,45
100,108,96.3,13.8,0,1,8
100,129,81.6,15.9,0,1,21
100,101,89.8,12.4,0,1,61
100,116,89.5,7.9,0,2,20
100,121,91.7,11.7,0,1,22
100,106,88.7,5.3,0,1,11
100,118,78.8,16.0,0,1,14
100,120,100.0,14.2,0,1,3
100,124,90.1,14.0,0,1,16
100,104,93.6,4.6,0,1,7
100,102,87.6,17.0,0,1,4
100,127,94.4,13.9,0,1,3
100,123,78.0,15.5,0,1,93
100,119,83.4,20.3,0,1,27
100,107,97.7,11.0,0,1,3
100,105,80.6,7.1,0,2,49
100,103,73.7,7.5,0,1,63
100,125,80.6,10.1,0,2,17
100,100,92.1,11.1,0,1,17
100,115,100.0,15.6,0,1,34
100,128,91.6,6.5,0,1,35
100,112,92.0,15.4,0,1,73
100,117,94.5,16.1,0,1,2
100,109,87.8,12.3,0,1,17
100,114,91.0,11.8,1,2,12
100,122,93.8,13.2,0,2,5
100,126,87.2,12.2,0,1,3
101,128,70.8,25.4,1,1,8
101,104,55.9,14.9,1,2,44
101,109,83.0,13.5,1,2,38
101,115,77.1,15.6,1,1,34
101,105,63.8,19.1,3,2,16
101,123,69.0,8.1,2,3,33
101,129,71.3,13.9,2,2,10
101,127,68.8,1.5,4,3,34
101,101,25.3,10.1,8,3,2
101,111,80.7,23.2,1,1,3
101,112,35.8,5.3,2,2,29
101,107,59.7,6.7,1,1,9
101,114,49.9,7.2,3,2,16
101,118,54.1,36.6,1,1,0
101,108,81.9,21.0,1,1,2
101,125,58.2,4.8,3,2,21
101,121,54.0,15.7,0,1,37
101,106,52.9,3.6,3,2,22
101,122,57.5,1.0,2,2,14
101,110,98.7,9.8,0,1,39
101,103,60.5,5.8,1,1,61
101,116,70.4,13.9,0,1,3
101,126,60.9,20.0,2,2,59
101,119,45.4,14.1,1,3,4
101,100,62.0,15.0,1,2,31
101,120,76.3,36.1,2,3,10
101,117,60.9,19.5,1,1,0
102,119,55.5,42.9,2,2,9
102,108,42.0,29.8,2,2,11
102,110,28.8,33.5,2,3,17
102,125,34.0,32.5,3,2,81
102,102,69.9,28.6,3,3,13
102,126,65.0,12.7,2,3,5
102,109,34.3,20.1,0,2,40
102,105,40.9,17.1,4,4,81
102,124,34.9,27.3,7,3,62
103,105,40.2,11.4,1,1,5
103,116,44.3,17.1,1,1,12
103,109,48.5,9.5,1,1,17
103,115,61.1,30.7,0,3,51
103,101,64.5,13.4,0,2,2
103,123,70.3,9.3,0,1,1
103,118,50.3,4.7,3,2,6
103,104,53.9,22.3,1,2,32
103,125,54.1,20.5,2,2,9
103,103,73.3,18.0,2,3,26
103,128,100.0,19.9,1,2,54
103,121,36.8,22.3,1,1,58
103,113,86.9,15.2,2,1,13
103,108,66.7,26.4,0,2,11
103,102,58.0,14.7,0,2,2
103,129,32.7,15.1,3,2,3
103,112,51.4,6.9,1,1,5
103,127,84.0,11.2,1,1,12
103,114,60.2,27.9,2,2,14
103,110,26.1,21.9,3,2,10
103,111,56.0,28.3,1,1,85
103,126,69.2,14.2,6,3,4
103,107,90.8,2.6,1,1,23
103,122,56.0,1.6,4,2,29
103,100,81.7,20.3,1,1,9
103,120,53.0,13.5,3,2,7
104,128,80.8,13.1,0,1,56
104,104,86.9,10.9,0,1,2
104,100,83.5,9.8,0,1,18
104,126,95.0,12.8,1,2,0
104,116,100.0,11.6,0,1,14
104,127,88.0,9.4,0,1,20
104,111,91.3,11.2,0,1,16
104,114,84.3,23.4,0,1,13
104,108,98.4,10.6,0,1,27
104,110,93.1,12.1,0,1,1
104,124,91.4,16.4,0,1,64
104,113,94.0,4.9,0,1,28
104,125,77.9,12.4,0,1,3
104,122,77.7,7.6,0,1,33
104,107,94.3,10.3,0,1,47
104,129,94.7,8.3,0,1,42
104,109,78.1,6.4,0,1,17
104,123,95.7,9.5,0,2,38
104,112,86.3,1.4,0,1,9
104,119,73.7,11.8,0,1,34
104,102,93.9,16.3,0,1,40
104,117,100.0,7.1,0,1,47
104,103,91.9,14.7,0,1,10
104,101,98.0,3.9,0,1,20
104,121,90.5,13.5,0,1,9
105,112,29.1,12.4,2,1,15
105,125,16.9,12.2,3,2,25
105,115,88.1,19.9,2,1,24
105,101,46.8,13.8,1,1,0
105,105,74.6,14.1,0,1,2
105,111,61.5,12.5,1,1,8
105,113,44.4,18.9,1,2,38
105,128,59.2,4.9,2,2,1
105,122,36.3,18.1,6,3,5
105,121,36.5,22.5,1,1,44
105,126,25.7,14.6,2,2,11
105,114,64.3,22.0,2,2,41
105,116,94.9,19.4,2,2,4
105,123,51.3,20.1,1,1,17
105,107,62.2,23.8,0,1,15
105,103,62.4,8.1,0,2,26
105,118,58.9,1.0,1,2,6
105,102,45.2,16.7,0,1,3
105,109,55.1,10.7,1,1,7
105,124,62.7,12.2,0,1,9
105,120,60.2,20.4,1,1,19
105,127,26.7,17.9,0,1,16
106,103,76.1,40.4,1,1,5
106,100,61.7,2.9,2,2,19
106,101,24.1,15.2,2,3,11
106,128,43.3,8.7,1,1,3
106,114,62.4,10.1,1,1,38
106,105,49.4,7.4,3,2,10
106,117,47.8,16.8,1,1,8
106,125,41.3,10.5,1,1,62
106,121,41.4,12.8,1,1,0
106,116,61.9,23.4,2,1,4
106,120,42.9,15.7,1,2,13
106,104,47.5,10.3,1,2,4
106,112,67.0,9.3,1,2,6
106,129,97.8,14.3,2,2,12
106,124,56.7,9.4,1,2,33
106,119,80.3,19.0,2,1,37
107,114,62.7,39.9,2,1,15
107,119,93.9,5.8,1,2,7
107,127,84.4,21.8,1,2,16
107,117,60.3,17.6,0,1,51
107,107,52.7,32.3,3,2,1
107,126,43.5,21.7,3,3,28
107,102,63.7,23.5,0,2,19
107,116,56.3,14.1,2,3,35
107,118,75.9,3.8,1,1,0
107,120,69.5,13.6,0,1,26
107,100,34.6,21.1,1,1,8
107,110,67.7,23.0,1,1,8
107,108,11.4,24.5,2,2,21
107,124,53.7,7.1,0,2,9
107,121,70.7,11.7,1,1,0
107,112,74.4,26.5,1,1,27
107,115,63.4,12.7,1,1,2
107,122,68.0,35.9,0,1,11
107,129,44.6,15.3,0,1,66
107,106,51.3,14.1,3,2,11
107,105,27.6,24.1,2,2,75
107,113,64.1,11.1,2,1,9
107,103,39.4,17.4,0,1,2
107,104,89.0,17.6,0,2,41
107,111,61.9,11.4,2,2,59
107,128,66.6,30.0,0,1,0
107,101,77.1,5.7,1,2,13
108,124,71.9,31.7,0,1,9
108,112,85.0,34.2,0,1,20
108,113,86.1,30.8,1,2,0
108,108,82.7,33.4,0,1,25
108,109,75.4,39.0,1,1,1
108,105,69.2,33.0,0,2,27
108,104,79.4,54.2,0,1,44
108,100,74.7,36.5,1,2,46
108,127,79.8,43.1,1,2,20
108,119,79.5,29.3,0,2,13
108,125,81.3,50.4,0,2,116
108,116,78.1,42.3,1,2,4
108,101,86.5,20.6,0,3,3
108,126,77.6,34.0,1,2,15
108,121,89.5,47.7,1,2,2
108,122,89.7,38.9,1,2,3
108,118,79.7,38.7,1,2,18
108,106,72.6,24.9,1,2,7
108,128,73.9,39.8,2,3,21
108,129,76.6,35.9,0,2,12
108,103,87.7,44.8,0,2,4
109,129,61.2,11.4,2,1,10
109,121,97.0,6.2,3,2,1
109,114,59.5,10.5,1,2,7
109,103,34.0,7.5,1,1,24
109,105,88.0,3.7,1,1,7
109,115,66.5,8.8,1,1,0
109,126,65.4,5.9,1,1,8
109,116,62.9,12.9,1,1,14
109,101,72.2,5.7,1,2,3
109,110,65.3,9.7,3,2,9
109,104,72.4,13.6,2,1,10
109,102,57.9,5.3,0,1,29
109,112,60.3,4.8,1,1,12
109,111,59.4,9.1,1,1,8
110,104,55.0,9.9,3,3,0
110,108,50.8,12.2,0,2,33
110,127,34.4,15.5,2,3,2
110,120,60.6,31.0,1,1,6
110,106,78.5,9.8,2,2,4
110,125,34.4,12.2,1,2,62
110,103,22.3,14.3,3,2,17
110,122,61.2,20.4,2,1,24
110,116,63.3,43.9,0,1,12
110,121,55.6,41.1,0,1,16
110,102,82.8,28.0,0,1,13
110,105,94.4,24.9,4,2,2
110,114,59.3,17.8,1,1,9
110,119,30.2,1.0,0,2,1
110,129,45.4,35.4,0,1,22
110,111,88.0,8.9,0,1,1
110,124,62.2,14.5,1,1,33
110,115,55.8,14.7,1,1,38
110,109,37.2,25.2,2,2,11
111,111,34.9,28.0,6,3,20
111,121,42.9,47.9,1,2,22
111,100,59.7,27.4,3,3,1
111,103,32.6,31.8,3,2,9
111,113,36.9,16.3,3,1,54
111,125,58.1,22.6,2,2,2
111,122,34.9,38.6,3,3,14
111,127,51.0,23.4,3,2,11
111,124,45.0,22.8,2,2,29
111,106,40.6,34.5,1,1,31
111,117,20.0,25.8,6,4,5
111,119,49.9,22.0,3,3,0
111,101,35.5,28.0,2,2,28
111,128,47.9,29.4,2,1,58
112,121,68.1,17.5,1,1,14
112,122,91.2,20.7,0,1,3
112,100,85.6,34.3,1,2,3
112,101,40.4,18.5,1,2,8
112,117,45.7,32.2,3,3,11
112,108,48.0,18.0,1,1,2
112,125,51.9,16.1,1,1,44
112,113,75.2,1.0,3,3,3
112,118,74.5,10.9,0,1,8
112,102,74.0,12.2,0,2,24
112,112,83.3,16.3,1,1,13
112,116,39.8,28.6,1,1,13
112,111,27.4,29.9,0,2,1
112,110,59.4,6.0,1,1,18
112,119,71.8,26.8,1,1,4
112,105,58.3,15.9,0,1,16
112,106,66.6,3.2,1,2,105
112,107,44.6,23.4,0,1,1
112,124,56.4,16.5,1,2,38
112,103,66.1,2.6,1,2,2
113,126,82.9,48.6,1,2,4
113,111,89.8,29.5,1,2,11
113,122,87.1,36.1,1,2,20
113,113,89.1,41.1,1,2,5
113,106,81.8,37.7,0,1,28
113,123,76.1,35.4,0,1,8
113,100,72.6,40.1,1,1,49
113,103,69.5,26.1,1,2,8
113,121,87.7,31.3,1,2,3
113,129,100.0,19.5,0,1,18
113,112,96.2,46.6,0,1,2
113,105,72.9,48.4,1,2,11
113,124,65.0,35.5,0,1,8
113,104,74.3,37.0,1,2,0
113,128,72.2,41.1,1,2,9
113,107,77.8,51.8,0,2,7
113,108,75.8,37.6,1,1,10
113,115,92.6,25.6,1,2,15
113,110,100.0,32.6,1,2,10
113,114,65.3,27.8,0,2,3
113,116,84.7,53.1,1,2,1
113,120,84.9,30.9,0,1,11
113,117,81.6,15.8,1,2,6
113,127,94.6,36.7,0,1,33
113,125,72.2,42.8,0,2,2
113,118,91.6,44.2,0,1,34
114,104,77.7,7.1,1,1,3
114,112,95.7,6.2,2,2,6
114,105,53.7,8.1,1,1,3
114,100,57.2,8.3,1,1,3
114,106,60.9,8.6,1,1,4
114,122,66.0,7.7,3,2,16
114,123,53.3,5.5,1,2,1
114,103,69.1,7.1,1,1,4
114,127,54.1,12.0,1,1,4
114,102,73.4,7.0,1,1,7
114,107,63.9,7.9,1,1,10
114,121,53.3,9.8,0,1,38
114,124,58.6,7.0,1,1,27
114,117,92.1,3.1,1,1,3
114,125,76.1,8.6,3,2,3
114,109,58.2,7.7,1,1,62
114,128,74.4,7.0,1,1,50
114,110,78.1,4.2,1,1,28
114,113,75.9,9.7,1,1,3
114,129,42.9,12.7,1,1,2
114,108,53.8,8.0,1,1,0
114,118,62.1,11.7,1,1,12
114,115,70.6,9.1,1,1,13
114,101,71.4,4.6,1,1,4
115,122,86.2,35.8,1,2,27
115,124,61.2,23.9,1,2,23
115,102,74.5,17.4,1,2,11
115,100,98.9,41.7,0,1,26
115,104,78.0,42.5,1,2,61
115,128,69.4,34.3,0,2,0
115,118,79.1,23.3,1,2,15
115,112,82.0,44.3,0,2,16
115,108,74.1,32.0,0,1,2
115,105,88.4,49.3,0,3,5
115,117,63.7,40.7,0,1,59
115,103,83.4,21.6,0,1,27
115,109,79.8,27.9,1,1,16
115,125,69.7,19.6,0,1,4
115,114,69.1,36.7,2,2,45
115,126,81.5,36.6,0,1,6
115,127,80.9,47.5,0,1,2
115,110,88.2,39.9,0,2,2
115,115,89.6,29.1,1,3,6
115,123,83.4,28.5,1,2,5
115,116,93.5,43.5,0,1,45
115,113,76.7,32.0,0,2,1
115,129,82.2,17.1,0,1,23
116,104,95.4,40.7,0,1,6
116,103,88.1,38.7,0,1,15
116,111,83.3,40.2,1,3,7
116,101,90.3,55.2,1,2,20
116,108,99.5,28.3,1,2,10
116,121,78.3,30.1,1,2,39
116,110,93.2,44.8,1,3,52
116,106,86.3,29.8,1,2,21
116,100,81.1,31.0,1,2,36
116,105,72.4,32.0,0,1,25
116,109,78.2,40.3,0,2,8
116,113,88.5,26.9,1,2,7
116,126,83.2,34.8,1,2,34
116,107,61.8,39.7,1,2,0
116,124,76.9,44.2,1,2,0
116,117,95.2,28.6,0,2,2
116,114,74.8,30.8,1,2,3
116,118,59.8,39.1,1,1,7
116,125,78.5,46.7,1,2,5
116,123,58.7,34.3,1,3,7
116,127,83.0,43.7,2,2,5
116,112,89.0,41.9,0,1,7
116,129,69.3,44.2,1,2,35
116,116,85.9,37.6,1,2,27
116,115,74.7,32.8,2,2,5
117,122,83.6,13.4,0,1,1
117,126,99.0,7.6,0,1,3
117,103,83.3,16.5,0,1,26
117,109,88.3,8.9,0,2,29
117,129,84.8,13.8,1,2,23
117,118,96.8,14.2,0,2,10
117,107,95.5,15.8,1,2,9
117,104,68.3,5.6,0,1,54
117,116,77.5,10.0,0,1,16
117,119,91.6,12.8,1,2,17
117,125,74.4,11.1,0,1,14
117,114,97.1,12.1,0,1,10
117,112,93.3,16.2,0,1,23
117,124,89.5,11.3,0,1,12
117,123,86.6,16.5,0,1,23
117,113,86.5,9.9,0,2,10
117,100,79.7,4.5,0,1,0
117,120,96.9,19.4,0,1,18
117,106,84.9,4.3,0,2,6
117,110,92.3,8.1,1,1,53
117,111,83.9,9.2,0,1,10
117,117,93.9,5.2,0,1,23
117,115,90.0,16.8,0,2,6
118,124,93.4,8.6,0,1,0
118,101,86.1,11.9,1,1,8
118,116,96.6,12.1,0,1,11
118,111,98.0,12.3,0,1,32
118,126,96.5,19.0,0,1,2
118,122,87.0,19.4,0,1,21
118,108,80.6,13.5,0,1,57
118,107,87.2,17.5,1,2,5
118,120,92.3,10.2,0,1,10
118,102,92.9,13.0,0,1,3
118,103,94.2,14.2,0,1,2
118,127,87.1,16.0,1,1,58
118,121,83.0,21.3,0,1,0
118,119,100.0,13.0,0,1,35
118,118,85.6,10.7,0,1,18
118,125,80.0,5.4,0,1,16
118,100,92.4,18.3,1,2,20
118,115,73.9,3.2,0,1,7
118,117,93.6,10.9,0,1,21
118,112,94.7,10.1,0,1,21
118,113,96.9,8.3,0,1,48
118,104,81.1,17.4,0,2,11
118,105,68.9,16.3,0,1,9
118,128,87.5,8.8,1,1,7
118,129,100.0,10.5,0,2,40
118,106,83.7,18.2,0,1,41
118,110,79.9,15.7,0,2,24
118,123,93.7,7.5,0,1,84
119,116,37.4,24.4,3,3,6
119,121,42.7,23.1,4,3,9
119,108,59.0,39.2,4,3,48
119,118,44.5,36.8,0,3,9
119,117,53.2,25.6,5,3,36
119,106,57.3,17.9,3,2,5
119,104,45.6,38.5,5,3,18
119,114,26.0,29.3,2,2,24
119,128,59.5,43.2,3,2,7
119,126,42.7,48.7,2,2,28
119,122,60.8,34.4,2,2,37
119,103,46.3,39.3,3,2,28
119,127,27.8,32.0,5,3,6
119,125,40.5,40.4,6,3,45
119,112,40.5,31.1,2,3,30
119,124,26.4,27.1,1,2,8
119,120,36.4,29.2,4,2,2
120,103,98.2,13.0,1,1,1
120,122,86.1,7.9,0,1,28
120,107,98.3,10.5,0,1,2
120,101,89.9,13.1,0,1,91
120,125,96.6,20.9,0,1,99
120,102,82.7,15.1,0,1,34
120,114,88.2,8.1,0,1,22
120,100,84.2,12.0,0,1,52
120,106,87.3,16.0,1,1,11
120,105,79.0,12.7,0,2,14
120,119,79.7,14.2,0,1,2
120,118,86.2,9.2,0,1,1
120,124,81.5,9.9,0,1,9
120,115,72.1,13.5,0,1,33
120,110,88.1,13.9,0,1,7
120,126,87.1,15.0,0,1,47
120,111,80.8,12.1,1,2,1
120,120,74.4,2.9,1,2,9
120,128,90.8,8.2,0,1,6
120,121,71.2,5.6,0,2,39
120,117,95.7,12.1,0,1,17
120,109,97.6,19.5,0,2,34
120,116,88.0,13.9,0,1,6
120,108,83.5,6.1,0,1,126
120,104,89.9,8.1,0,1,6
120,113,85.3,9.9,1,2,22
120,129,83.3,12.2,0,1,14
120,127,83.3,13.6,0,1,0
121,128,61.8,8.4,1,1,6
121,105,68.0,1.0,0,1,43
121,116,91.4,7.3,1,1,21
121,121,61.0,10.8,1,1,19
121,117,59.2,10.8,1,1,49
121,101,84.1,9.4,1,1,73
121,122,64.5,6.5,1,1,1
121,118,48.2,4.8,1,1,29
121,110,86.3,10.4,1,1,21
121,120,59.4,11.8,1,1,2
121,129,75.5,8.2,1,1,0
121,100,53.1,6.0,1,1,9
121,111,73.5,9.0,1,1,12
121,109,66.5,4.8,1,1,72
121,115,60.7,7.0,1,1,19
121,108,28.8,12.2,2,1,20
121,113,82.1,11.3,1,1,9
121,106,75.0,6.7,1,1,57
121,123,59.4,8.3,1,1,62
121,119,61.1,6.9,1,1,3
122,114,81.2,15.3,0,1,41
122,112,70.5,19.4,0,2,12
122,109,94.9,24.6,0,1,2
122,125,53.7,38.5,0,1,12
122,118,65.3,5.2,3,2,0
122,117,44.1,12.7,1,1,24
122,115,42.1,37.4,0,2,11
122,106,40.3,33.7,4,2,13
122,107,55.8,5.5,2,2,0
122,120,92.4,16.7,0,3,5
122,116,52.5,25.1,1,2,34
122,122,77.4,10.9,1,1,51
122,108,87.9,25.0,2,2,11
122,119,47.7,20.9,2,2,0
122,129,77.4,13.1,2,2,2
122,103,90.6,6.9,3,2,29
122,110,49.2,17.2,1,2,9
122,113,83.0,22.0,3,2,6
122,105,82.3,10.8,1,2,16
122,123,31.7,15.1,2,2,3
122,128,29.5,39.1,1,2,33
122,124,100.0,24.2,2,1,7
123,101,83.5,33.4,1,2,3
123,103,80.3,34.5,2,3,19
123,111,81.2,25.9,1,2,9
123,106,77.8,26.3,1,2,5
123,110,79.6,28.9,0,1,12
123,122,72.0,37.6,1,2,3
123,108,73.0,33.8,1,2,13
123,109,81.2,20.1,1,1,31
123,116,92.1,39.5,0,1,6
123,107,92.7,33.9,0,2,0
123,125,73.9,34.3,1,3,1
123,117,67.7,36.1,0,1,35
123,118,86.2,25.5,1,2,19
123,120,81.5,52.5,1,2,13
123,126,83.1,46.0,1,2,15
123,114,78.6,45.2,1,2,2
123,128,71.9,42.5,1,1,1
123,113,75.1,49.1,1,1,3
123,129,61.3,49.3,1,2,11
123,123,65.9,56.7,0,1,15
123,124,65.3,26.2,1,2,4
123,127,80.2,31.0,0,2,26
123,121,74.5,28.5,1,2,7
124,114,54.6,10.5,2,1,8
124,128,71.8,6.0,1,1,0
124,103,44.3,10.4,1,1,7
124,107,58.6,9.0,1,1,6
124,100,64.9,6.3,2,2,22
124,129,53.6,4.3,1,1,30
124,102,80.5,9.9,1,1,52
124,108,83.5,9.2,1,1,51
124,116,88.9,9.0,1,1,0
124,111,59.0,9.9,1,1,42
124,120,51.9,6.5,1,1,11
124,104,91.4,10.5,1,1,24
124,106,52.9,12.9,1,1,28
124,101,63.9,10.0,1,1,3
124,119,54.7,8.7,1,1,26
124,115,60.1,11.0,1,1,15
125,108,50.5,8.8,2,2,49
125,102,45.9,29.9,0,1,8
125,127,62.1,17.4,2,2,49
125,110,40.5,20.7,3,2,4
125,120,60.0,6.4,1,2,17
125,111,51.1,12.0,2,2,10
125,125,42.8,13.8,1,1,12
126,102,75.8,33.1,1,2,13
126,117,78.1,42.6,2,3,24
126,114,91.5,35.5,1,2,15
126,113,84.9,44.1,1,2,101
126,127,86.2,36.9,0,1,6
126,103,75.0,35.0,1,1,5
126,108,70.1,12.9,1,2,8
126,122,87.8,42.7,1,2,4
126,126,83.8,47.6,1,2,44
126,110,83.4,56.6,2,3,23
126,125,99.7,34.3,0,2,1
126,109,70.2,38.7,1,1,15
126,124,100.0,25.8,0,3,30
126,129,74.3,31.0,0,2,22
126,111,76.0,36.0,1,2,33
126,118,66.7,31.1,1,2,3
126,120,88.4,30.2,0,1,28
126,107,75.3,30.0,0,1,22
126,112,82.2,43.6,0,2,5
126,101,71.7,29.0,1,1,0
126,115,99.9,28.1,2,3,33
126,119,84.3,46.2,1,2,20
126,116,58.8,35.6,0,1,6
126,100,66.9,42.3,1,2,10
126,104,69.3,41.8,1,2,1
126,121,74.2,21.3,1,2,37
126,123,83.7,46.3,1,2,106
126,106,68.1,32.2,1,3,14
126,128,74.4,30.2,0,2,2
126,105,78.7,57.3,1,1,17
127,119,88.4,11.4,0,1,8
127,123,87.5,9.8,1,2,39
127,100,83.2,14.7,0,1,9
127,104,80.1,13.3,0,1,4
127,111,93.8,8.3,0,1,46
127,107,100.0,15.3,0,2,4
127,117,83.1,12.9,0,1,34
127,106,89.0,10.2,0,1,6
127,103,90.5,7.8,0,1,0
127,121,78.8,16.5,0,1,11
127,112,100.0,6.4,0,1,150
127,118,95.7,16.0,0,1,13
127,126,90.3,6.8,1,2,9
127,129,90.8,16.7,1,2,2
127,108,85.5,14.0,1,1,5
127,115,81.5,11.4,0,1,3
127,114,95.6,8.4,0,1,22
127,113,82.8,12.7,0,1,20
127,101,79.1,9.8,0,1,31
127,128,85.1,9.8,0,2,50
127,122,78.8,11.8,0,1,0
127,105,100.0,8.6,0,1,6
127,116,81.7,10.2,0,1,31
127,127,83.0,14.0,0,1,5
128,103,71.9,25.8,1,1,28
128,116,35.7,8.1,1,1,20
128,124,75.0,22.4,2,2,9
128,117,69.5,4.0,0,1,1
128,102,93.1,1.0,3,3,30
128,118,70.1,32.4,0,2,3
128,111,70.3,15.8,2,2,2
128,101,38.3,14.1,0,2,2
128,108,20.1,11.8,1,2,18
128,128,100.0,32.5,3,2,42
128,109,28.5,18.3,3,2,8
128,100,63.9,19.6,2,2,9
128,120,65.6,20.0,1,1,9
128,114,73.5,7.6,1,2,34
128,113,41.8,30.8,3,2,6
129,118,80.8,43.3,0,2,10
129,104,81.8,30.0,1,2,8
129,110,82.6,40.0,1,3,3
129,106,72.6,20.6,1,2,47
129,103,90.9,12.2,1,2,36
129,123,86.5,36.5,1,2,38
129,125,66.7,33.7,0,1,38
129,119,68.8,29.0,0,1,45
129,105,76.0,40.9,1,2,1
129,109,92.5,48.2,1,3,47
129,115,71.1,25.1,1,2,22
129,126,75.6,34.7,0,2,9
129,111,83.3,36.3,1,2,19
129,120,72.5,43.1,1,2,11
129,129,83.1,44.7,1,1,9
129,117,75.4,30.2,0,1,34
129,107,97.8,20.4,0,1,6
129,116,87.5,34.1,1,2,45
129,112,69.7,43.5,1,2,59
129,121,59.7,29.3,1,2,46
129,127,77.9,23.2,1,2,24
129,124,82.1,35.2,1,2,54
130,128,65.2,38.2,0,2,20
130,127,82.9,27.2,1,2,10
130,110,66.9,27.4,1,2,19
130,124,82.8,50.6,0,2,1
130,129,91.4,37.1,1,2,3
130,122,61.5,40.1,1,2,30
130,102,75.1,28.4,1,2,2
130,114,81.0,35.3,1,2,5
130,120,73.2,33.4,1,2,17
130,113,80.2,39.3,1,2,17
130,103,92.7,31.2,0,1,21
130,101,69.6,40.9,0,2,17
130,115,85.4,32.6,0,1,13
130,116,77.3,30.6,1,2,14
130,108,64.3,45.9,1,2,19
130,117,81.9,30.3,0,2,0
130,100,60.1,45.6,1,2,0
130,123,84.9,34.9,0,2,9
130,121,79.1,28.9,1,3,6
130,106,77.6,36.2,1,2,0
130,119,60.6,31.6,1,2,19
131,104,69.7,58.4,1,2,4
131,111,75.0,28.2,1,1,41
131,114,60.8,24.5,1,2,83
131,106,90.5,28.0,0,2,24
131,112,76.5,32.8,1,2,12
131,123,75.8,49.4,1,2,14
131,115,89.2,36.0,1,2,10
131,128,79.5,45.8,1,2,23
131,120,80.1,41.2,1,2,4
131,110,85.7,52.6,1,2,0
131,125,76.7,17.1,0,2,0
131,109,67.2,40.6,0,1,34
131,126,73.7,29.8,1,2,0
131,108,71.1,35.2,1,2,28
131,119,77.1,45.6,1,3,23
131,100,83.4,29.8,0,1,4
131,127,68.2,48.5,1,2,31
131,118,82.9,32.3,1,2,17
131,116,78.2,42.8,0,1,8
131,107,79.5,21.2,0,1,22
131,117,71.1,23.4,1,2,6
131,129,79.7,46.6,1,2,44
131,103,84.1,22.8,1,1,12
132,112,93.3,30.1,1,2,7
132,119,70.0,32.4,1,2,14
132,109,77.1,41.2,1,2,52
132,126,88.5,42.8,2,3,69
132,118,71.8,32.6,1,2,2
132,123,90.7,22.5,0,1,28
132,102,68.7,29.3,0,1,45
132,104,75.1,35.0,1,2,42
132,127,82.0,33.4,1,2,33
132,129,63.0,32.9,1,2,57
132,116,68.3,42.3,0,1,30
132,117,84.1,34.0,0,1,29
132,110,65.5,20.9,0,1,16
132,100,85.8,44.8,1,2,5
132,125,80.1,23.4,0,1,0
132,115,82.1,22.0,0,2,5
132,105,74.4,24.9,1,2,25
132,120,76.0,31.3,0,3,22
132,121,94.9,41.9,1,2,3
132,128,73.6,31.5,0,2,28
132,107,73.0,34.7,0,1,2
132,124,69.4,34.0,1,2,0
132,111,78.8,32.0,1,2,4
132,113,91.1,27.4,0,1,9
132,103,75.8,46.7,1,1,54
133,126,74.7,6.5,1,1,43
133,113,83.1,9.3,0,1,20
133,108,100.0,14.5,0,2,1
133,112,81.0,6.5,0,2,55
133,115,89.1,10.8,0,1,10
133,124,95.2,9.1,0,1,0
133,105,94.3,14.3,1,2,27
133,102,87.7,8.9,0,1,28
133,121,94.0,13.7,0,2,1
133,128,91.0,10.8,1,1,11
133,101,80.1,11.0,0,2,4
133,119,80.7,13.1,1,1,18
133,111,82.3,10.8,0,1,1
133,123,88.0,6.5,0,1,42
133,125,93.4,12.1,0,1,23
133,117,82.6,16.9,1,2,9
133,103,91.7,15.3,1,2,5
133,118,91.7,14.1,0,1,20
133,114,78.5,5.4,0,1,9
133,104,92.4,12.8,0,1,8
133,109,87.2,10.3,0,1,1
133,110,83.5,10.9,0,1,48
133,122,97.7,19.8,0,1,15
133,120,94.6,9.4,0,1,10
134,122,92.5,39.6,1,2,33
134,106,84.0,44.0,0,2,55
134,110,66.7,25.2,0,1,3
134,109,89.3,26.7,0,1,11
134,115,74.6,18.3,1,2,17
134,118,89.2,34.5,0,1,10
134,126,77.2,38.8,0,3,8
134,123,71.9,23.6,1,2,23
134,119,80.2,24.2,1,2,24
134,117,81.6,30.2,1,2,12
134,129,79.1,37.0,0,1,26
134,125,87.6,35.8,1,3,15
134,111,69.0,47.9,1,2,4
134,100,68.4,23.4,1,1,4
134,107,80.9,24.0,1,2,1
134,101,82.5,41.0,1,2,10
134,127,69.3,47.5,1,2,5
134,116,94.9,20.3,1,2,0
134,113,81.1,23.8,1,2,7
134,102,74.4,29.3,1,2,2
134,103,85.2,31.1,1,2,47
134,105,72.7,45.7,0,1,13
134,112,71.4,52.7,0,1,15
134,128,73.1,35.1,1,2,8
134,124,73.7,40.8,1,2,5
135,120,41.9,21.3,0,1,6
135,103,59.3,7.2,1,1,11
135,102,86.0,17.2,2,3,30
135,105,80.4,30.0,2,3,37
135,107,10.4,16.0,3,2,0
135,118,94.0,14.2,1,1,1
135,128,72.2,13.9,0,2,15
135,110,62.0,7.0,2,2,5
135,108,38.8,21.3,1,1,2
135,114,55.8,17.9,1,2,12
135,121,53.9,17.0,2,2,17
135,124,66.3,22.7,0,1,56
135,125,15.7,29.9,2,1,19
135,112,55.3,32.5,1,2,24
135,127,33.6,31.9,1,1,1
135,101,33.9,22.1,1,1,25
135,117,28.5,13.7,2,2,14
135,126,78.0,16.0,1,2,35
135,106,65.8,12.4,1,1,20
136,112,22.2,32.4,3,2,16
136,125,35.6,24.9,3,2,19
136,111,38.8,30.8,5,4,7
136,117,45.3,11.4,1,1,4
136,124,22.8,34.9,4,3,26
136,118,43.0,32.1,3,2,14
136,116,43.2,37.1,6,3,10
136,103,42.4,24.4,1,1,47
136,119,40.7,39.3,3,3,7
136,114,36.3,33.5,6,3,12
136,109,54.2,13.0,4,3,10
136,106,17.6,24.9,3,3,6
136,122,42.4,36.5,3,3,10
136,110,61.2,32.0,5,2,29
136,113,51.8,30.5,5,3,13
136,115,46.7,26.7,3,2,11
137,101,89.4,39.6,1,2,4
137,129,78.7,31.0,0,3,24
137,109,68.9,38.4,0,2,36
137,122,71.7,43.0,1,2,20
137,127,82.8,20.7,0,1,1
137,106,83.8,35.7,1,2,29
137,123,84.6,33.3,0,1,2
137,119,82.0,33.9,1,2,9
137,108,82.9,38.2,1,2,0
137,113,86.0,19.5,1,2,19
137,104,78.6,40.5,0,1,19
137,125,100.0,29.0,1,2,22
137,120,75.3,38.6,0,2,8
137,117,89.2,40.3,0,2,5
137,114,79.6,49.3,0,2,34
137,111,76.0,31.6,1,1,9
138,118,100.0,9.9,0,1,21
138,104,95.8,21.1,0,1,43
138,109,96.0,20.9,0,2,27
138,120,93.0,11.9,0,1,58
138,114,98.0,11.2,0,1,36
138,119,84.4,20.1,0,1,30
138,123,96.2,1.8,0,1,27
138,116,88.7,11.5,0,1,49
138,107,76.4,9.2,1,2,22
138,128,79.7,10.5,0,1,2
138,110,67.1,9.3,0,1,11
138,113,94.5,11.9,0,2,29
138,127,72.5,10.3,0,1,7
138,129,96.1,10.3,0,1,1
138,125,100.0,13.6,0,1,27
138,112,100.0,16.9,0,1,9
138,102,92.0,10.3,0,1,21
138,111,95.6,18.6,0,1,35
138,122,89.7,7.6,0,1,25
138,106,82.0,16.4,0,1,12
138,126,82.3,6.1,0,1,24
138,101,82.5,7.4,0,1,34
138,124,82.7,7.2,0,1,21
138,117,89.7,11.8,1,2,43
138,100,100.0,11.9,0,1,9
138,108,100.0,9.6,1,2,10
138,103,86.3,10.6,0,1,5
138,105,98.8,14.9,0,1,13
138,115,93.3,5.6,0,1,7
138,121,89.6,14.8,0,1,50
139,121,54.4,14.7,1,1,9
139,116,64.0,10.1,1,1,4
139,111,57.7,8.1,1,1,0
139,108,61.5,5.5,1,1,0
139,106,79.4,4.2,2,2,26
139,122,53.5,11.4,1,1,4
139,126,60.2,9.3,1,1,4
139,105,53.2,6.6,1,1,3
139,103,64.0,9.2,0,1,23
139,120,58.7,4.9,1,1,1
139,104,54.0,12.6,1,1,17
139,124,53.5,7.4,1,1,11
139,129,75.8,11.1,1,1,0
139,109,76.2,13.3,1,1,25
139,125,65.3,7.1,1,1,17
139,119,39.8,6.4,1,1,2
140,101,90.1,9.7,1,1,21
140,107,67.9,8.6,1,1,9
140,103,56.6,5.0,2,1,4
140,106,63.0,9.2,2,1,6
140,100,59.9,10.4,1,1,20
140,115,85.3,4.1,1,1,6
140,114,43.5,5.1,1,1,12
140,120,50.6,9.9,1,2,12
140,110,69.6,9.2,2,2,6
140,123,58.1,10.5,1,1,42
140,102,28.9,8.7,1,1,23
140,127,65.3,7.2,1,1,24
140,113,60.5,9.7,1,1,11
140,126,69.9,4.9,2,1,2
140,125,73.0,5.2,1,1,9
140,129,54.0,6.3,1,1,47
140,121,63.6,4.6,1,1,4
141,129,68.5,22.7,2,2,81
141,105,19.6,17.6,0,1,1
141,122,59.0,11.8,2,2,13
141,123,75.8,26.0,1,2,16
141,126,33.3,14.7,1,1,3
141,101,25.2,6.2,1,1,1
141,119,50.9,10.1,1,1,49
141,125,50.3,15.8,2,2,30
141,109,31.4,23.9,0,1,23
141,112,71.0,27.1,1,1,64
142,104,34.3,1.9,2,2,79
142,124,42.0,42.1,5,3,3
142,108,52.5,31.6,5,3,15
142,106,67.1,40.7,2,3,7
142,122,48.4,17.7,3,4,34
142,128,16.5,27.7,4,2,16
142,115,55.7,19.8,2,2,2
142,100,46.4,33.8,5,3,4
142,116,46.7,40.9,2,1,5
142,126,50.7,28.8,3,3,4
142,119,26.0,39.9,3,3,2
142,114,55.9,35.9,0,2,12
142,105,31.4,33.0,6,3,14
142,120,56.8,42.0,8,4,9
142,107,26.5,47.9,4,2,43
143,102,20.9,30.8,2,1,14
143,109,58.2,29.7,4,2,32
143,101,57.9,28.6,4,3,17
143,115,62.4,24.0,3,3,7
143,122,44.5,31.0,1,2,38
143,108,45.2,20.9,1,1,0
143,100,47.0,21.0,5,3,6
143,103,42.8,38.7,2,1,11
143,129,39.3,25.3,4,3,13
143,121,40.8,31.8,3,3,10
143,127,53.7,27.5,2,1,24
143,111,55.1,16.8,3,2,0
143,110,27.8,8.9,6,4,19
143,120,53.1,32.8,3,2,20
143,117,43.0,43.2,1,1,6
143,106,32.2,44.3,6,3,6
143,119,30.9,14.7,3,4,46
143,107,50.0,27.4,5,3,8
143,116,40.4,39.4,6,4,7
143,124,33.1,23.2,1,3,0
144,128,44.4,10.8,1,1,7
144,116,73.8,10.9,1,1,45
144,104,74.9,11.4,2,1,0
144,112,44.5,2.8,1,1,6
144,118,73.6,7.9,1,1,3
144,121,55.9,12.3,1,1,9
144,114,74.9,7.9,1,1,39
144,117,64.0,13.9,1,1,7
144,108,71.9,6.2,1,1,10
144,123,68.9,9.2,2,1,4
144,100,100.0,8.1,1,1,2
144,106,54.1,9.4,1,1,0
144,125,53.0,7.2,2,2,21
144,115,79.3,5.3,1,1,50
144,107,89.9,5.5,2,1,14
144,105,53.6,7.1,1,1,3
144,111,44.3,11.9,2,1,12
144,129,59.7,5.6,1,1,52
144,113,51.0,14.1,1,1,31
144,127,53.0,8.6,2,1,17
144,124,43.8,6.1,1,1,0
144,109,78.3,7.7,2,1,60
144,102,53.3,9.4,1,1,7
144,122,61.2,8.4,1,1,23
144,110,69.2,7.1,1,1,1
145,109,43.6,1.0,2,2,7
145,112,65.1,13.9,0,1,20
145,108,40.3,27.3,1,1,11
145,121,59.4,15.0,0,1,12
145,104,46.8,14.0,2,2,11
145,110,48.0,9.5,2,1,19
145,111,60.4,9.2,0,1,25
145,119,63.9,26.5,0,1,48
145,125,61.0,16.7,1,1,14
145,118,24.0,21.6,1,1,12
145,126,49.5,8.8,2,1,1
146,107,81.7,14.2,1,1,16
146,114,61.1,12.3,2,2,18
146,129,57.8,11.8,1,1,2
146,120,70.0,14.4,1,1,4
146,118,53.0,25.8,1,1,24
146,128,35.3,17.2,0,1,19
146,113,52.7,10.1,0,1,5
146,117,52.7,15.3,1,2,3
146,112,65.8,14.6,1,1,39
146,108,46.2,11.5,0,1,38
146,121,87.4,16.2,2,2,27
146,100,68.9,12.0,1,2,49
146,102,52.3,30.4,1,1,53
147,109,85.5,8.7,0,1,1
147,119,83.5,13.5,1,2,4
147,115,71.5,10.0,1,2,67
147,116,100.0,13.2,0,1,37
147,111,84.7,9.6,0,1,1
147,110,85.4,16.1,0,1,24
147,125,86.4,14.6,0,1,20
147,108,90.4,13.7,0,1,6
147,120,96.3,4.1,0,2,5
147,121,97.1,18.6,1,2,11
147,113,71.8,15.5,0,2,63
147,101,83.5,9.7,1,2,8
147,107,100.0,6.3,0,1,11
147,129,89.2,15.4,0,1,27
147,128,79.4,14.5,0,1,0
147,127,86.5,16.7,1,2,3
147,105,98.8,10.3,0,1,1
147,106,85.7,7.8,0,1,2
147,114,94.1,8.9,0,1,41
147,123,86.7,16.5,1,1,9
147,122,76.7,18.8,0,2,38
147,112,91.3,12.5,0,1,27
147,117,100.0,19.4,0,1,4
147,102,91.5,14.4,1,1,28
147,104,86.4,9.1,1,2,18
147,126,91.7,11.5,0,1,2
147,124,90.3,17.6,0,1,1
147,100,82.2,10.4,0,2,7
148,108,60.1,33.4,3,2,4
148,113,16.7,23.1,4,3,3
148,111,31.8,12.4,5,4,14
148,115,33.9,38.0,3,3,7
148,121,40.3,23.1,2,2,5
148,109,51.3,26.2,4,3,9
148,110,17.4,21.1,2,3,17
148,105,25.3,28.1,7,4,15
148,101,52.2,42.6,8,5,17
148,103,47.2,40.8,4,2,28
148,114,46.5,8.1,3,2,38
148,124,26.4,24.0,4,3,24
148,122,50.8,25.3,3,3,18
149,125,71.8,30.1,2,2,24
149,118,54.0,24.8,2,1,4
149,102,64.3,15.7,2,1,5
149,122,53.9,11.4,2,2,13
149,129,51.5,24.1,2,2,2
149,116,52.8,13.0,0,1,78
149,127,78.1,13.8,1,1,10
149,103,41.4,20.8,2,2,23
149,119,61.1,25.9,4,2,15
149,112,25.9,24.4,2,2,19
149,120,17.7,1.0,2,3,37
149,114,27.9,7.5,2,2,56
149,124,59.7,15.9,0,1,62
149,113,91.3,7.6,1,1,16
149,117,56.4,23.0,2,2,15
149,100,49.5,34.4,4,3,4
149,111,60.6,12.9,1,2,26
149,115,79.7,29.7,0,1,30
149,107,95.1,18.7,2,2,16
149,101,73.2,16.9,2,2,16
149,126,71.2,9.5,1,1,67
149,105,49.6,20.4,3,2,5
149,104,86.2,4.9,1,1,42
149,106,55.2,12.5,1,1,12
149,121,100.0,18.2,1,2,19
149,109,62.0,26.6,2,1,41
150,118,92.6,12.9,1,2,69
150,101,94.4,12.0,0,1,15
150,115,86.4,16.0,0,1,9
150,121,86.5,15.6,0,1,31
150,122,85.4,16.1,0,1,0
150,120,73.6,14.6,1,2,46
150,104,95.7,5.7,0,1,42
150,107,100.0,16.4,0,1,48
150,100,89.5,16.4,0,1,7
150,111,72.7,15.2,0,1,12
150,103,92.5,12.9,1,2,31
150,108,92.2,10.9,1,2,23
150,112,76.5,12.2,0,1,32
150,129,91.5,12.0,0,1,24
150,106,89.5,12.3,0,1,14
150,126,95.7,13.1,1,2,38
150,119,98.9,18.3,0,1,2
150,127,99.2,8.9,0,1,14
150,105,76.9,8.9,0,1,5
150,110,87.6,12.4,0,1,52
150,117,91.1,8.6,0,1,1
150,114,98.4,13.3,0,1,35
150,128,82.9,11.5,0,1,5
150,124,82.3,13.7,0,1,9
150,109,80.0,6.9,0,1,19
150,123,100.0,8.9,0,1,5
150,113,83.3,16.5,1,2,31
150,116,88.9,18.6,0,1,13
150,125,84.7,11.9,1,2,14
150,102,90.2,14.5,0,1,37
151,113,59.5,19.8,2,1,6
151,101,56.7,13.0,1,1,0
151,107,72.8,6.6,2,2,8
151,128,63.0,13.9,0,1,21
151,123,64.1,16.7,1,1,2
151,124,28.8,15.4,2,2,15
151,100,39.9,10.4,1,1,64
152,127,34.0,26.8,2,2,20
152,116,47.6,29.6,3,3,19
152,100,35.7,23.3,1,1,21
152,124,51.6,32.2,6,3,7
152,112,30.4,37.0,2,2,3
152,118,36.7,21.3,3,2,27
152,117,60.2,25.7,4,2,4
152,114,43.7,15.5,2,2,7
152,113,35.9,40.8,1,1,0
152,106,48.3,7.3,1,1,8
152,125,64.7,24.7,2,2,29
152,105,60.3,38.0,2,2,12
152,122,58.6,24.8,1,1,5
152,119,20.1,29.9,7,3,10
152,120,50.8,35.7,3,3,5
152,129,43.2,28.7,4,2,18
152,103,19.3,26.2,5,3,2
152,108,59.9,19.1,4,2,17
152,101,41.4,37.8,5,3,5
153,100,47.6,16.4,3,2,4
153,110,62.7,18.0,1,1,38
153,101,68.7,15.5,0,2,14
153,122,32.5,27.2,1,1,44
154,103,31.0,30.9,3,2,6
154,100,29.3,19.3,2,2,5
154,119,62.3,15.7,6,4,23
154,125,52.4,32.9,3,4,11
154,112,31.8,14.4,4,2,2
154,129,65.8,44.7,11,5,6
154,107,45.9,29.8,4,3,1
154,110,51.0,24.3,2,1,0
154,109,34.9,26.9,4,2,24
154,120,55.9,29.6,3,2,29
154,123,46.1,34.8,2,3,3
154,104,35.6,39.1,3,3,3
154,108,33.8,22.0,5,3,38
154,113,51.0,33.2,1,1,15
155,121,75.5,10.1,1,1,5
155,105,52.4,12.4,2,1,40
155,107,48.8,10.3,1,1,11
155,120,62.0,7.1,1,1,2
155,124,61.2,6.8,2,1,18
155,129,37.4,2.2,1,1,82
155,108,71.2,7.5,3,2,18
155,117,80.0,3.1,1,1,24
155,123,40.0,7.2,1,1,0
155,110,74.7,7.8,1,1,3
155,112,75.1,7.9,1,1,22
155,106,81.3,15.0,1,1,17
155,103,70.6,9.8,1,2,7
155,125,89.9,9.7,1,1,3
155,127,73.8,9.9,1,1,19
155,113,75.0,4.9,2,1,20
155,122,85.0,5.2,1,1,45
155,101,87.0,7.7,2,1,30
155,109,65.8,10.2,1,1,25
155,114,57.0,10.6,1,1,37
155,104,88.5,9.7,2,1,23
155,126,49.3,13.3,1,1,0
156,124,76.9,32.9,0,2,0
156,104,66.4,37.9,1,2,26
156,113,78.3,23.5,1,2,5
156,100,67.7,28.9,0,1,2
156,103,67.0,37.8,1,2,43
156,128,71.6,42.6,0,1,1
156,121,86.2,39.9,0,1,6
156,117,76.9,34.0,1,2,8
156,118,73.0,27.7,0,2,61
156,119,92.1,21.4,1,2,4
156,126,75.2,30.7,0,1,9
156,114,72.0,43.9,1,2,29
156,122,82.2,33.1,1,3,12
156,105,75.9,30.4,1,2,33
156,123,81.1,36.7,0,2,7
156,112,67.7,35.3,0,1,10
156,108,76.4,24.9,1,2,5
156,116,77.3,16.7,0,2,13
156,120,85.6,37.9,1,2,8
156,101,89.3,36.5,1,2,15
156,109,78.3,28.8,1,2,5
156,110,86.1,42.9,1,2,28
156,129,85.0,28.4,0,3,0
156,127,79.1,29.9,1,2,16
156,106,79.7,47.5,0,1,2
157,127,97.2,20.1,0,1,8
157,120,80.2,9.7,0,1,8
157,125,86.4,15.4,0,1,10
157,118,92.4,7.8,0,1,0
157,123,79.9,15.5,0,2,5
157,122,96.7,12.5,0,1,15
157,113,77.8,5.1,0,2,9
157,116,92.6,12.6,0,1,0
157,129,81.9,8.6,0,1,35
157,115,96.8,13.4,0,1,4
157,124,77.2,9.1,0,1,9
157,108,91.9,19.6,0,1,6
157,128,79.4,10.2,0,1,94
157,117,91.3,8.0,0,1,8
157,126,80.1,11.1,0,1,7
157,100,77.6,9.7,0,1,8
157,103,97.6,18.9,0,1,19
157,121,96.2,14.8,0,1,29
157,107,73.7,15.5,0,2,22
157,111,99.9,12.8,0,1,39
157,109,95.0,13.8,0,1,12
157,105,95.2,6.9,0,1,7
157,106,83.1,20.5,0,1,12
157,110,81.8,4.3,0,1,16
157,119,81.5,14.8,0,1,34
157,102,85.7,17.7,0,1,16
157,104,81.7,11.9,0,1,10
158,119,90.3,41.5,0,2,24
158,117,71.4,46.5,0,2,92
158,108,82.2,43.1,0,1,45
158,122,57.2,36.4,1,2,15
158,128,81.5,40.9,1,1,29
158,118,74.6,36.3,1,2,0
158,126,82.0,29.4,0,1,66
158,102,87.2,40.3,0,1,5
158,109,65.6,29.6,1,2,28
158,103,88.2,26.2,1,2,3
158,125,75.9,25.4,1,2,2
158,110,72.0,37.3,0,1,0
158,116,86.7,56.9,0,2,24
158,101,81.6,30.3,0,2,28
158,121,75.7,34.0,0,3,23
158,129,87.1,36.5,1,1,21
158,112,75.3,32.2,0,2,0
158,100,74.6,41.0,1,2,10
158,106,72.8,21.8,1,3,2
159,111,70.9,43.1,1,2,8
159,114,80.0,36.4,1,2,2
159,113,74.3,26.1,1,2,21
159,121,86.6,41.7,1,2,10
159,100,72.9,28.8,0,1,8
159,120,79.6,41.9,1,2,2
159,103,73.2,22.1,1,2,8
159,125,84.4,17.0,1,2,18
159,109,92.9,43.2,0,2,6
159,123,72.9,48.3,0,1,6
159,119,78.1,26.7,0,1,5
159,127,90.0,28.0,0,2,7
159,101,59.9,53.9,0,2,7
159,117,72.1,29.1,0,2,9
159,108,69.6,42.4,1,2,3
159,104,69.9,35.6,1,2,1
159,105,70.5,45.7,1,2,16
159,128,97.7,45.6,0,2,19
159,126,84.8,36.3,1,2,5
159,115,87.6,26.2,1,2,13
159,122,88.8,34.2,1,2,86
159,112,86.7,31.6,0,1,4
159,107,86.3,38.7,1,2,21
159,102,85.3,36.5,1,2,5
159,110,74.6,33.4,2,3,8
159,106,80.5,22.1,2,3,1
159,116,59.5,35.4,1,2,37
159,118,77.9,40.6,0,1,13
159,124,92.0,42.3,1,2,5
159,129,64.3,53.2,1,3,2
160,117,35.6,28.0,1,2,41
160,125,38.6,12.0,3,3,9
160,126,63.0,5.0,1,2,10
160,111,67.5,35.5,1,3,53
160,105,70.3,29.7,1,1,16
160,115,21.5,4.6,1,1,36
160,123,67.1,27.5,1,2,44
160,102,73.9,28.3,0,1,14
160,127,69.6,30.3,1,1,3
160,121,51.9,13.5,0,2,29
160,118,47.7,26.7,2,2,11
160,128,77.1,14.5,2,1,43
160,122,46.5,3.1,2,3,5
160,100,68.0,19.4,4,2,11
160,124,64.3,15.3,1,1,14
160,109,63.8,17.8,1,1,29
160,119,49.2,36.7,4,3,11
160,110,60.6,29.4,4,3,24
160,106,59.2,23.7,2,2,2
161,113,51.6,10.2,1,1,24
161,111,33.2,29.9,1,1,7
161,109,31.6,14.4,1,1,3
161,102,66.5,21.9,2,2,43
161,116,62.4,1.7,0,1,1
161,104,43.1,19.2,3,2,39
161,123,29.9,6.6,4,3,6
161,122,55.5,14.6,0,1,24
161,126,44.3,10.9,2,3,32
161,125,47.8,23.7,0,2,2
161,112,52.4,13.5,2,2,17
161,100,60.1,15.6,1,1,9
161,117,40.2,17.0,3,2,15
161,127,59.8,21.6,1,1,26
161,105,71.7,3.7,2,2,49
162,121,76.1,42.5,1,2,19
162,129,77.0,2.7,1,3,2
162,113,78.0,27.9,1,2,8
162,100,81.3,34.7,0,2,73
162,120,86.5,29.2,0,1,38
162,106,79.1,33.1,0,1,0
162,110,62.8,21.0,1,2,51
162,108,87.3,49.7,1,1,12
162,104,82.8,28.5,1,2,34
162,126,93.0,34.9,2,3,18
162,101,71.0,21.2,0,1,32
162,114,84.4,29.5,1,2,9
162,116,72.1,38.1,0,2,30
162,103,77.3,26.1,1,2,5
162,123,69.3,42.3,0,3,4
162,111,72.9,59.2,1,2,32
162,128,71.1,41.7,0,1,1
162,119,81.2,38.4,1,2,3
162,125,85.6,36.9,1,2,94
162,107,74.1,19.8,0,1,7
163,120,59.8,4.2,2,1,2
163,124,54.9,11.2,1,1,0
163,103,63.2,5.7,1,1,13
163,101,62.6,3.5,1,1,42
163,111,93.9,13.9,2,1,3
163,102,55.0,1.0,1,1,3
163,127,60.8,4.6,1,1,8
163,113,59.0,3.4,1,1,2
163,128,53.7,7.1,2,2,13
163,121,72.2,2.6,1,1,31
163,109,16.7,7.2,1,1,5
163,122,69.4,4.4,2,2,8
163,119,67.7,9.5,2,1,1
163,105,84.2,8.5,1,1,9
163,107,78.2,8.4,1,1,3
163,108,64.5,7.7,1,1,23
164,128,68.8,6.6,2,2,34
164,114,48.3,7.4,1,1,2
164,121,65.3,14.0,1,1,11
164,120,74.8,6.8,1,1,1
164,105,42.8,8.8,1,1,2
164,124,82.0,11.6,1,1,10
164,118,65.4,4.7,1,1,1
164,108,79.1,4.8,1,1,9
164,115,56.5,12.2,1,1,15
164,104,49.6,8.3,2,1,6
164,122,42.7,8.2,1,1,25
164,102,75.4,10.0,1,1,11
164,116,62.0,1.5,2,1,10
164,106,42.8,9.1,2,2,29
164,113,57.2,5.4,0,1,19
164,110,66.0,10.6,0,1,4
164,127,48.3,9.0,1,1,26
164,117,61.9,5.1,1,1,11
164,129,56.0,14.3,0,1,27
164,107,60.4,11.3,1,1,0
165,120,70.3,4.6,1,1,16
165,121,76.4,5.0,1,1,2
165,102,83.1,8.9,1,1,30
165,112,66.8,9.9,1,1,26
165,123,67.0,12.1,1,1,5
165,124,59.7,1.7,1,1,2
165,110,80.1,7.3,2,1,10
165,117,67.3,16.7,1,1,62
165,119,40.6,7.1,1,1,122
165,107,73.2,5.5,1,1,4
165,109,50.5,12.6,1,1,66
165,100,65.2,6.1,1,1,35
165,101,83.5,8.1,1,1,58
165,116,46.2,14.0,1,1,29
165,125,45.8,7.6,2,2,35
165,111,75.0,11.9,2,2,28
165,118,62.4,5.0,1,1,39
165,105,72.3,15.1,1,1,70
165,129,84.9,7.7,1,1,3
165,128,44.5,14.0,1,1,1
165,114,60.5,5.5,1,1,3
165,104,77.3,4.3,1,1,9
165,113,66.5,9.7,1,1,6
165,115,91.9,2.2,1,1,1
166,118,43.4,15.9,1,1,23
166,121,29.2,4.5,4,3,2
166,117,94.1,4.3,2,2,19
166,126,12.3,15.4,2,2,16
166,124,84.4,8.4,1,2,0
166,113,73.1,9.6,1,2,0
166,111,74.1,9.6,1,1,30
166,104,30.9,26.6,0,1,111
166,115,78.1,9.4,1,1,2
166,105,78.3,38.5,5,3,15
166,129,51.1,17.4,0,2,16
166,119,31.4,20.4,1,2,1
166,128,39.1,11.1,3,2,2
166,127,64.6,10.2,1,1,9
166,107,66.4,20.7,1,1,21
167,119,23.2,38.5,4,3,0
167,109,4.8,18.0,6,3,1
167,115,41.1,43.4,4,3,35
167,122,28.8,16.2,2,2,8
167,112,51.6,27.7,3,2,13
167,106,23.8,24.9,2,2,8
167,117,41.1,17.4,4,2,13
167,123,49.2,15.5,5,3,21
167,120,35.2,25.1,2,2,53
167,103,52.6,25.7,5,3,40
167,116,52.5,34.7,2,2,30
167,118,49.8,21.4,5,3,4
167,111,30.9,30.9,1,1,30
167,129,47.9,32.3,6,4,8
167,126,26.3,24.9,5,3,5
167,102,48.6,38.2,4,2,21
167,127,41.1,24.2,3,3,7
167,128,19.7,32.8,5,3,19
167,101,52.1,33.6,5,3,9
168,123,54.8,28.4,8,4,50
168,126,45.9,15.6,6,4,33
168,110,40.7,13.1,7,5,1
168,113,55.7,44.3,3,2,30
168,101,28.7,22.5,5,4,6
168,119,36.6,36.6,1,1,9
168,100,66.4,32.6,6,3,35
168,111,53.1,42.3,2,1,8
168,118,43.2,28.1,4,3,1
168,121,47.7,26.6,2,2,22
168,115,33.5,35.6,6,3,12
168,108,32.0,37.1,4,3,6
168,120,49.9,18.0,5,4,4
168,116,26.0,30.5,1,2,13
169,108,46.8,13.3,1,1,43
169,105,61.9,6.6,1,1,13
169,119,84.8,5.8,1,1,11
169,123,84.0,7.7,1,1,11
169,125,54.6,6.5,3,2,20
169,101,77.7,3.2,3,2,5
169,122,82.1,6.1,1,1,45
169,113,52.0,5.1,1,1,12
169,128,73.4,12.1,1,1,0
169,127,88.3,8.0,2,1,36
169,118,50.0,4.3,1,1,2
169,112,94.9,9.3,1,1,2
170,100,95.3,9.5,0,2,40
170,104,77.3,14.0,0,1,40
170,126,70.8,10.7,0,1,13
170,125,79.4,14.6,1,1,7
170,116,91.4,11.1,0,1,16
170,108,92.8,10.8,0,1,45
170,102,94.7,10.9,0,1,10
170,129,99.1,12.1,0,1,15
170,105,82.8,11.6,0,1,2
170,127,96.3,13.2,0,2,10
170,103,84.3,20.0,0,2,0
170,107,85.7,9.7,0,1,6
170,114,80.5,12.7,1,2,13
170,118,92.3,6.4,0,1,19
170,109,91.2,14.1,0,1,18
170,113,82.4,13.7,0,1,47
170,117,96.4,17.5,1,2,22
170,124,100.0,8.0,1,2,4
170,123,89.5,10.0,0,1,43
170,128,96.6,14.1,1,1,8
170,121,86.5,4.4,0,1,17
170,122,99.5,9.1,0,1,0
170,111,81.1,13.2,1,2,22
170,120,94.1,9.8,0,2,10
170,119,98.8,9.5,0,1,35
170,101,100.0,11.6,0,1,16
171,117,77.7,6.5,0,1,50
171,114,95.8,17.7,0,1,30
171,110,77.4,10.3,0,1,9
171,106,94.1,14.3,1,2,0
171,119,87.6,14.1,0,1,2
171,129,81.5,14.6,0,1,35
171,101,95.1,11.8,0,1,4
171,127,93.8,11.5,0,1,4
171,123,77.8,11.5,1,2,26
171,113,79.5,7.1,0,2,36
171,122,89.1,26.2,0,1,13
171,126,97.1,14.2,0,1,18
171,124,98.8,6.7,1,1,0
171,103,90.3,16.5,0,1,19
171,112,98.4,16.5,0,2,10
171,128,87.6,14.7,1,2,0
171,102,99.8,10.2,0,1,15
171,100,86.7,12.4,0,1,26
171,118,84.2,20.1,0,1,47
171,105,76.3,13.8,0,2,5
171,116,78.1,9.1,0,1,22
171,120,77.4,4.5,0,1,1
171,108,80.7,16.0,0,1,6
171,104,82.8,12.8,1,2,2
171,109,92.3,7.6,0,1,9
171,125,100.0,9.7,1,2,47
171,107,81.6,21.5,0,1,20
172,100,95.5,10.4,0,1,12
172,128,79.7,9.0,0,1,23
172,105,77.6,19.8,0,1,2
172,104,98.9,12.7,0,1,12
172,119,64.4,8.7,0,1,12
172,116,85.3,16.0,1,2,25
172,113,77.7,15.0,1,2,6
172,109,100.0,15.3,0,1,17
172,121,86.0,18.0,0,1,8
172,118,89.3,12.8,0,1,17
172,127,84.7,8.8,1,2,1
172,114,77.9,11.6,0,1,6
172,110,95.9,13.9,1,2,30
172,120,95.0,15.6,0,1,40
172,129,71.9,13.8,0,1,1
172,126,82.2,10.3,0,2,21
172,124,90.9,11.1,0,2,45
172,106,100.0,11.0,0,1,17
172,108,91.7,10.7,0,1,31
172,117,96.1,7.0,0,1,20
172,112,80.0,12.6,0,1,10
172,102,84.8,16.0,1,2,0
172,122,89.3,10.1,0,1,33
172,123,96.5,11.6,0,1,1
172,107,100.0,16.0,0,1,41
172,103,74.0,13.8,0,1,7
172,101,84.4,20.7,1,2,3
172,111,100.0,14.5,0,1,19
173,121,56.6,10.5,2,2,34
173,101,45.1,35.2,1,1,16
173,114,55.0,10.4,1,1,32
173,105,93.6,40.6,0,2,2
173,113,40.4,12.5,1,1,8
173,126,33.7,11.0,2,2,34
173,108,15.4,27.5,2,1,15
173,116,48.8,1.2,4,3,7
173,119,96.4,20.2,2,3,3
173,111,47.4,13.0,0,2,15
173,125,53.8,1.0,1,1,26
173,118,65.7,32.5,1,2,48
173,117,53.0,22.9,1,2,27
173,103,69.2,7.9,0,2,12
173,115,70.5,34.3,2,1,1
173,123,56.4,14.2,0,1,5
174,104,86.1,39.0,0,1,40
174,114,81.4,37.6,3,2,4
174,113,89.3,26.8,1,1,0
174,117,58.0,17.6,1,3,13
174,112,66.3,9.4,0,1,2
174,109,58.7,9.7,1,1,17
174,107,45.7,8.4,1,1,5
174,125,36.2,17.4,2,2,5
174,105,53.5,9.1,0,1,2
174,123,69.2,18.8,2,2,6
174,100,53.5,13.3,4,3,16
174,121,87.3,30.4,1,1,67
175,128,68.4,14.6,1,2,18
175,120,60.2,42.2,0,2,42
175,129,82.0,21.8,1,2,89
175,118,59.2,31.8,4,2,5
175,124,60.4,29.8,3,3,4
175,119,62.8,1.0,3,2,19
175,121,20.1,34.6,1,1,27
175,104,79.6,20.7,1,2,24
175,127,85.9,11.2,1,1,52
175,107,73.0,4.2,1,1,44
175,114,47.8,1.0,2,2,23
175,126,66.1,1.0,1,1,3
175,123,54.6,20.5,0,2,21
175,111,74.2,8.8,1,1,32
175,109,73.5,18.9,0,1,1
175,100,62.0,8.1,3,2,23
175,102,45.4,10.4,2,1,8
175,103,42.8,6.7,1,1,3
175,117,35.0,2.6,2,2,7
175,101,71.2,19.4,0,2,43
175,105,46.0,7.2,0,2,8
175,116,56.5,17.6,1,2,9
175,125,84.9,14.8,2,3,6
176,115,72.8,5.9,1,1,7
176,121,60.0,6.7,2,1,49
176,107,62.2,6.1,1,1,3
176,127,53.4,1.3,1,1,7
176,111,76.8,1.0,3,2,42
176,113,57.7,9.5,1,1,4
176,116,93.6,10.9,1,1,33
176,114,74.4,1.7,1,1,23
176,105,74.8,2.6,1,1,9
176,129,75.6,12.9,1,1,4
176,100,71.6,7.9,1,1,13
176,123,68.9,7.8,1,1,4
176,101,51.2,7.2,1,1,1
176,117,63.2,5.7,0,1,5
176,128,44.9,11.2,1,1,46
176,112,49.6,5.8,2,1,16
176,125,40.6,5.6,1,1,0
176,103,62.4,9.2,1,1,10
176,108,58.2,2.8,1,1,7
176,109,63.2,8.4,0,1,4
176,122,59.5,8.8,1,1,21
176,118,59.4,10.3,1,1,13
176,102,67.9,9.3,2,2,8
176,120,47.8,6.1,1,1,0
176,119,28.2,8.6,1,1,55
176,124,74.8,8.0,1,1,150
176,106,61.1,8.9,1,1,24
176,126,73.5,12.3,1,1,51
177,121,58.1,9.8,1,2,14
177,106,42.4,28.4,2,1,0
177,114,51.1,18.3,1,1,24
177,102,51.7,18.5,1,1,0
177,126,62.8,27.5,1,1,34
177,107,51.9,37.7,1,2,14
177,119,28.0,9.7,1,2,44
177,123,43.0,24.5,1,2,1
177,103,100.0,30.2,0,3,9
177,105,47.1,23.4,2,2,3
177,112,46.8,24.2,2,2,31
177,124,61.0,20.7,2,2,16
177,115,59.0,17.1,0,1,18
177,109,45.7,26.1,3,2,16
177,104,76.9,13.2,3,2,6
177,113,94.0,40.7,3,2,0
178,123,100.0,12.2,0,1,31
178,111,97.0,10.0,0,1,19
178,103,94.5,14.1,0,1,1
178,124,83.6,12.0,0,1,14
178,114,85.9,12.5,0,1,5
178,122,81.7,11.1,0,1,27
178,109,84.6,12.1,0,1,31
178,102,93.1,9.2,1,2,22
178,120,99.8,13.2,1,2,7
178,104,83.2,6.0,0,2,26
178,100,79.2,5.0,0,1,24
178,121,87.7,12.1,0,1,29
178,101,85.1,10.7,1,2,12
178,117,77.4,11.1,0,1,0
178,107,100.0,5.1,0,1,31
178,113,94.3,14.5,1,2,1
178,128,82.4,20.7,0,1,130
178,125,77.2,15.5,0,1,108
178,129,72.0,14.8,0,1,0
178,108,92.6,11.2,0,1,45
178,116,88.4,14.9,1,2,87
178,106,93.1,13.9,0,1,6
178,127,99.0,4.8,1,2,2
178,118,86.1,13.6,0,1,17
178,115,74.1,21.3,0,1,23
179,118,62.2,16.3,1,1,15
179,114,52.5,25.4,0,1,7
179,126,45.6,7.5,1,2,57
179,103,84.0,3.7,0,1,79
179,100,45.4,20.7,1,1,1
180,113,87.7,37.9,1,2,11
180,123,95.7,29.0,0,1,18
180,101,93.1,24.8,1,2,9
180,119,78.5,38.2,1,2,23
180,115,72.7,48.8,1,1,18
180,100,93.4,41.2,0,1,28
180,111,83.1,28.9,1,2,23
180,120,69.0,43.0,1,2,33
180,127,80.9,47.0,1,2,39
180,116,84.1,31.4,1,1,16
180,102,61.9,41.4,0,2,9
180,110,65.7,32.0,1,2,4
180,117,70.5,37.1,0,2,17
180,126,85.6,39.0,0,2,1
180,104,67.6,26.1,1,2,30
180,118,70.5,31.7,0,2,20
180,122,82.2,32.8,0,2,12
181,121,54.6,6.6,1,1,15
181,116,27.0,18.1,2,2,26
181,112,41.2,8.9,1,1,7
181,126,56.9,21.5,2,2,2
181,117,13.8,26.3,1,1,7
181,119,28.7,27.5,1,1,3
181,123,58.4,7.6,2,2,50
181,109,76.3,1.0,1,2,10
181,102,62.7,14.7,1,2,11
181,111,87.8,5.6,1,1,22
181,125,49.3,8.5,0,2,19
181,118,64.6,17.2,2,2,18
181,122,49.8,18.4,2,2,4
181,101,52.2,7.5,2,2,18
182,106,81.2,11.1,1,2,21
182,107,79.8,9.1,0,1,55
182,127,91.1,10.5,1,1,7
182,125,77.7,5.4,0,1,35
182,129,99.8,12.0,0,2,20
182,126,88.7,13.9,0,1,47
182,120,76.6,10.6,0,1,51
182,112,84.0,4.0,0,1,15
182,128,94.4,3.3,0,1,39
182,111,94.3,16.2,0,1,33
182,101,94.5,20.0,0,2,16
182,109,94.7,11.5,0,1,4
182,122,96.2,16.3,0,1,137
182,104,79.3,13.7,0,1,11
182,117,91.2,11.5,1,2,3
182,121,85.0,15.2,0,1,27
182,114,98.1,16.7,1,2,29
182,115,90.7,11.2,0,1,1
182,123,88.3,4.4,0,1,33
182,108,89.3,13.7,1,2,72
182,113,89.5,12.9,0,1,6
182,100,69.3,13.7,0,1,15
182,124,87.5,9.2,1,2,45
182,102,71.6,14.4,0,1,3
183,112,58.4,10.6,1,1,3
183,109,64.2,7.7,2,1,7
183,117,36.0,7.4,1,1,53
183,125,84.8,8.4,1,1,15
183,127,68.6,8.7,1,1,3
183,105,55.3,5.6,1,1,9
183,116,51.9,7.6,1,1,14
183,107,68.3,12.1,1,1,0
183,118,61.8,8.6,0,1,3
183,110,68.9,7.1,1,1,30
183,123,54.2,3.4,1,1,20
183,100,77.5,5.2,1,1,21
183,128,35.8,8.8,1,1,61
183,111,100.0,7.3,1,1,43
183,113,54.6,5.2,1,1,13
183,126,51.7,6.0,1,1,2
183,108,73.0,7.3,1,1,9
183,106,44.6,6.9,1,1,1
183,115,63.0,7.4,2,1,4
183,119,53.5,8.6,1,1,8
184,110,79.0,22.8,1,1,28
184,102,77.7,26.6,2,1,5
184,120,63.0,23.7,1,1,15
184,108,50.4,17.0,1,1,12
184,122,59.8,1.0,0,1,25
184,103,89.0,1.0,1,1,42
184,125,44.4,38.3,3,2,1
184,128,63.2,30.6,0,3,22
184,111,59.1,13.7,2,2,4
184,124,82.0,31.6,0,1,37
184,121,86.5,8.3,0,1,8
184,113,57.2,23.3,1,1,1
184,119,40.4,10.7,1,2,20
184,100,70.1,11.1,1,2,25
184,117,77.9,1.0,1,2,86
184,129,99.2,12.7,2,2,1
184,107,55.0,15.0,4,3,1
184,114,39.1,12.2,3,2,54
184,116,27.7,25.5,3,3,21
184,104,33.6,24.8,1,1,2
184,123,96.0,23.0,1,1,5
184,101,49.8,31.5,0,2,4
184,127,61.2,10.2,3,2,60
184,112,86.9,10.8,1,2,1
184,109,66.6,27.6,4,3,33
184,105,33.0,23.2,3,3,3
184,126,100.0,22.9,1,2,7
184,106,73.7,23.0,1,1,26
184,115,93.3,26.9,0,1,32
184,118,50.1,13.8,0,1,1
185,102,84.9,7.5,1,1,17
185,103,52.8,9.0,1,1,0
185,125,69.0,5.5,1,1,57
185,119,62.2,9.6,1,1,11
185,123,55.1,9.8,1,1,2
185,126,72.6,7.3,1,1,2
185,112,77.3,8.4,0,1,8
185,100,51.2,7.0,1,1,3
185,120,54.4,10.1,2,2,16
185,107,54.4,8.3,0,1,17
185,128,78.3,11.8,2,2,14
185,117,57.9,3.5,1,1,2
185,101,91.4,7.8,1,1,66
185,124,57.1,9.0,1,1,26
185,113,71.0,10.0,2,2,12
185,109,57.8,7.1,1,2,2
185,121,79.8,7.4,1,1,23
185,115,79.2,10.8,1,1,1
185,104,76.0,4.9,2,2,9
185,106,87.2,8.0,1,1,45
186,115,57.6,1.0,1,1,9
186,111,58.1,1.0,1,1,12
186,121,75.9,4.9,1,1,37
186,119,58.4,12.4,1,1,23
186,125,40.9,9.0,1,1,8
186,107,32.7,10.5,1,1,10
186,112,67.9,9.5,1,1,12
186,129,55.2,9.1,3,2,1
186,101,62.9,3.7,1,1,6
186,128,77.2,10.2,1,1,3
186,102,63.3,5.8,1,1,8
186,127,73.7,5.8,1,1,24
186,108,62.7,10.5,0,1,0
186,126,58.5,7.7,1,1,16
186,120,67.4,4.5,1,1,37
186,123,44.9,7.5,1,1,55
186,105,65.5,8.3,1,1,68
187,115,100.0,12.4,0,1,3
187,114,87.1,13.5,0,1,7
187,126,83.6,15.9,0,1,9
187,129,75.8,11.9,0,2,6
187,125,93.2,12.0,0,1,11
187,111,89.9,12.9,1,2,30
187,109,97.3,14.2,0,1,4
187,105,91.6,11.3,0,1,23
187,108,100.0,11.1,1,2,4
187,124,88.9,10.8,0,1,8
187,127,91.8,14.2,0,1,0
187,101,90.1,5.7,0,1,4
187,113,95.5,5.7,0,1,9
187,100,95.2,5.5,0,1,26
187,112,79.8,4.1,0,1,6
187,103,94.2,13.9,0,2,15
187,118,87.5,12.4,0,1,70
187,122,94.9,11.6,1,1,52
187,117,97.9,16.1,0,1,21
187,119,89.5,9.6,0,1,8
187,120,85.5,3.0,0,1,31
187,123,85.2,10.5,0,2,1
187,106,99.1,9.5,0,1,4
187,128,91.0,10.4,0,1,17
187,116,85.2,7.3,0,1,2
187,102,88.4,7.0,0,1,14
187,107,80.8,7.6,0,2,4
188,115,60.1,7.1,1,1,0
188,100,53.6,5.9,1,1,11
188,109,62.3,8.1,1,1,1
188,112,57.2,8.4,1,1,4
188,101,50.3,15.3,1,1,27
188,111,77.8,7.4,3,2,0
188,127,67.7,7.6,1,1,23
188,110,88.4,4.4,1,1,20
188,121,59.3,9.2,0,1,8
188,117,50.8,8.3,1,1,30
188,120,55.7,4.5,1,1,16
188,108,62.2,1.0,1,1,36
188,106,71.2,9.3,1,1,1
188,103,51.7,7.4,1,1,31
188,125,48.9,7.5,0,1,17
188,107,70.0,8.7,1,1,16
188,104,59.5,9.6,1,1,2
188,126,55.7,11.6,1,1,5
189,110,37.0,40.2,3,2,18
189,117,46.2,19.4,2,3,11
189,113,55.1,32.4,0,1,12
189,124,61.0,20.3,5,4,3
189,102,23.3,34.2,6,3,58
189,118,43.4,28.1,2,2,25
189,121,44.1,30.4,6,3,18
189,120,20.3,36.1,2,2,25
189,114,34.4,16.3,3,2,66
189,107,48.1,24.0,3,3,6
189,112,45.8,34.1,4,2,12
189,101,50.0,42.0,2,2,23
189,115,61.5,31.2,6,4,10
189,116,35.0,28.5,1,1,8
189,123,44.9,43.5,1,2,47
189,104,45.1,28.7,7,4,4
189,103,39.4,36.8,4,2,18
189,126,24.6,32.7,5,4,14
189,127,22.1,18.4,2,2,6
189,128,43.6,23.8,3,2,28
189,108,40.7,22.8,2,1,11
189,119,54.8,30.7,2,2,12
189,122,14.6,25.1,3,3,0
189,111,46.5,16.4,2,2,17
189,106,50.0,31.2,3,2,19
189,109,41.6,21.6,5,3,15
189,100,62.6,25.4,2,2,36
189,129,23.7,33.0,1,1,5
190,118,43.0,35.0,2,2,5
190,112,23.8,35.9,1,1,18
190,126,54.5,37.2,1,1,33
190,114,50.6,21.6,2,2,40
190,108,36.3,28.3,4,2,15
190,124,56.0,17.8,2,3,1
190,116,61.5,33.6,3,3,16
190,105,58.1,31.8,4,3,7
190,121,51.2,30.1,1,2,4
190,125,47.3,23.1,4,3,17
190,104,52.6,33.3,4,3,24
190,111,33.2,34.0,3,2,0
190,103,38.3,32.8,3,3,7
191,111,50.5,23.1,3,2,26
191,124,59.4,11.6,1,2,2
191,108,51.6,20.9,2,2,20
191,102,48.4,19.9,1,1,69
191,115,64.1,20.2,3,3,150
191,106,76.0,15.3,1,1,16
191,122,43.6,16.8,2,2,52
191,128,33.8,38.3,2,2,1
191,116,25.5,7.4,1,1,17
191,117,42.9,19.6,2,2,13
191,112,28.0,23.4,2,3,8
191,126,51.4,21.9,2,1,4
191,113,63.7,1.0,1,1,32
191,100,63.8,20.1,1,1,0
191,119,67.2,25.4,2,1,9
191,118,90.3,9.1,1,3,17
191,120,41.0,28.6,1,1,16
191,107,38.2,1.0,3,3,28
191,114,66.1,24.9,1,1,1
191,129,84.1,19.0,5,3,21
191,127,28.6,15.7,2,2,54
191,110,77.3,23.3,1,1,24
191,125,30.2,22.9,1,3,22
191,103,82.7,3.2,2,2,11
192,122,74.5,42.6,0,2,27
192,101,71.5,35.3,1,2,4
192,113,90.1,38.5,1,2,3
192,104,99.1,23.1,1,1,24
192,112,80.7,29.9,1,2,22
192,127,91.1,37.0,1,2,1
192,118,77.2,35.1,1,2,5
192,107,53.5,34.3,1,2,21
192,123,88.2,30.5,1,2,8
192,108,92.9,36.8,1,2,5
192,106,78.7,32.4,1,2,9
192,111,78.0,21.3,1,2,48
192,126,92.1,25.7,1,2,53
192,117,78.5,31.8,1,3,45
192,109,57.2,42.4,0,2,30
192,128,84.1,35.2,1,2,14
192,124,74.0,59.2,1,2,33
192,119,88.2,40.4,0,1,37
192,125,78.8,30.4,0,2,12
192,120,74.2,39.6,0,1,18
192,110,77.2,41.5,0,2,17
192,103,78.3,47.2,0,2,34
193,112,86.2,31.3,0,1,38
193,126,84.7,46.7,0,2,1
193,120,92.2,23.2,2,3,9
193,105,83.4,31.9,1,2,16
193,100,70.1,32.4,1,1,25
193,127,80.9,43.8,1,2,20
193,106,70.8,44.2,0,2,5
193,108,73.7,40.4,1,2,4
193,115,71.1,39.7,0,2,3
193,117,68.4,30.3,0,2,1
193,104,78.9,32.4,1,2,15
193,123,94.9,43.6,1,2,4
193,121,82.6,30.1,0,2,42
193,118,86.1,44.4,0,1,23
193,116,60.6,28.3,1,2,24
193,113,80.5,35.2,0,2,29
193,101,81.1,22.7,0,1,48
193,107,80.1,30.0,1,2,5
193,103,91.2,15.0,1,2,28
193,111,90.7,28.2,0,2,0
193,129,77.8,35.4,0,1,5
193,124,71.3,36.7,1,2,20
194,116,67.7,7.4,0,1,23
194,100,43.5,7.0,1,1,0
194,114,49.0,8.9,1,1,42
194,109,46.3,9.5,1,1,1
194,124,68.5,9.0,1,1,5
194,122,61.3,14.2,1,1,3
194,111,52.6,12.0,2,1,6
194,107,46.8,7.4,2,2,20
194,128,74.1,7.0,1,1,48
194,129,46.9,8.5,1,1,29
194,103,50.0,9.6,0,1,7
194,106,51.8,9.9,1,1,0
194,108,48.1,5.5,1,1,18
194,117,59.7,3.7,1,1,26
194,127,69.6,9.7,3,2,96
194,126,59.0,7.2,1,1,8
194,120,46.6,6.2,1,1,16
194,125,77.7,9.4,1,1,94
194,119,82.8,12.8,1,1,5
195,104,43.4,15.4,1,1,9
195,124,63.2,18.5,1,1,1
195,106,52.7,19.3,0,1,1
195,102,59.3,18.6,1,1,12
195,123,64.4,8.8,1,1,9
195,128,58.6,10.8,2,1,47
195,115,54.1,9.2,1,1,5
195,103,55.0,25.1,0,1,15
196,119,95.2,11.7,0,1,52
196,123,100.0,13.9,0,1,20
196,114,89.7,13.9,0,1,29
196,107,86.4,11.9,1,2,7
196,113,100.0,13.5,0,1,3
196,116,71.6,15.2,0,1,16
196,125,89.0,11.8,1,2,0
196,101,80.8,15.7,0,1,4
196,106,97.7,10.4,0,1,17
196,127,96.8,10.9,0,1,10
196,109,78.9,13.5,0,2,43
196,105,87.4,16.0,0,1,13
196,110,98.2,18.4,0,1,4
196,103,74.6,13.0,0,1,45
196,128,80.5,12.7,0,1,16
196,111,85.3,12.8,1,2,0
196,104,88.9,7.6,1,2,1
196,124,88.7,13.4,1,2,20
196,118,89.9,19.0,0,2,24
196,108,90.2,12.3,0,2,14
196,115,89.3,15.8,0,1,1
196,112,82.1,4.7,1,2,29
196,120,95.0,14.7,0,1,42
196,129,83.6,7.7,0,1,2
196,126,78.3,14.4,0,1,27
196,117,91.7,9.5,1,2,0
196,100,83.2,11.9,0,1,30
196,102,94.0,14.8,0,1,48
196,122,79.0,11.7,0,1,5
196,121,81.0,13.4,0,2,23
197,109,97.2,7.0,1,1,5
197,102,57.6,10.0,1,1,8
197,117,57.1,5.2,1,1,52
197,121,89.7,2.2,1,1,22
197,128,55.7,11.1,1,1,12
197,118,44.6,9.3,1,1,27
197,126,57.4,6.2,1,1,30
197,108,73.0,10.3,2,1,8
197,124,59.6,7.6,1,1,5
197,113,52.9,1.5,1,1,0
197,127,62.7,8.8,1,1,42
197,119,68.3,10.9,1,1,85
197,125,59.2,13.8,1,1,39
197,129,62.7,10.1,1,1,18
197,116,80.7,10.0,1,1,11
197,110,67.8,11.2,1,1,11
197,114,75.6,8.2,1,1,7
197,122,74.0,8.9,1,1,3
197,123,41.1,7.2,1,1,18
197,101,80.5,5.1,1,1,9
197,103,89.8,9.2,1,1,16
197,107,73.2,10.8,1,1,10
197,105,54.5,7.9,1,1,11
197,112,61.6,10.1,1,1,4
198,101,90.5,4.1,0,1,20
198,121,95.7,5.6,1,2,13
198,108,87.4,17.6,0,1,3
198,116,87.3,14.6,0,1,9
198,105,93.7,9.5,0,1,13
198,123,78.4,12.3,0,2,39
198,115,91.9,16.1,1,2,10
198,124,94.9,13.0,0,1,4
198,102,97.6,7.9,0,1,18
198,107,74.4,12.6,0,1,8
198,114,96.7,11.1,0,1,4
198,126,74.7,8.4,0,1,3
198,113,93.1,7.6,0,1,8
198,103,94.8,17.5,1,2,13
198,125,83.8,21.9,0,1,42
198,104,92.0,14.2,0,1,12
198,122,96.8,4.7,0,1,55
198,110,98.0,7.5,0,1,2
198,112,82.9,5.1,0,1,25
198,118,97.5,12.3,0,1,37
198,106,89.1,7.2,0,2,49
198,109,79.7,9.9,1,1,20
198,100,81.4,10.2,0,1,14
198,117,90.7,15.6,0,1,10
198,119,82.2,13.6,0,1,2
198,127,96.7,11.0,0,1,16
198,128,74.4,8.5,0,1,37
198,120,100.0,12.1,0,1,16
198,129,86.8,6.7,1,2,1
199,121,54.7,11.0,1,1,45
199,102,61.7,9.6,1,1,38
199,116,71.7,7.6,3,2,15
199,118,43.6,7.7,1,1,21
199,107,47.3,1.2,0,1,26
199,106,73.7,5.8,1,1,15
199,125,66.6,4.9,1,1,40
199,108,86.9,8.6,1,1,8
199,127,60.2,8.1,1,1,8
199,100,57.2,6.5,1,1,8
199,129,100.0,6.3,1,1,0
199,113,50.1,13.2,1,1,0
199,115,74.8,7.9,1,1,5
199,104,73.5,7.4,2,2,7
199,117,67.1,13.8,1,1,0
199,114,63.8,5.8,1,1,5
199,126,56.5,7.7,1,1,65
199,128,73.3,14.3,1,1,8
199,122,56.1,14.4,0,1,5
199,103,35.9,5.1,1,1,13
199,120,80.7,2.4,1,1,20
199,112,68.9,11.6,1,1,32
199,101,78.4,10.5,1,1,4
199,123,69.7,14.1,1,1,7
199,124,69.5,1.6,1,1,15
199,109,66.6,14.3,0,1,30
199,105,60.5,5.6,1,1,1
199,111,48.7,7.4,1,1,19
199,119,30.2,8.2,1,1,4
199,110,67.4,8.9,3,2,44
200,103,80.5,7.8,0,1,32
200,111,57.1,19.9,1,1,16
200,122,44.1,4.2,2,2,11
200,119,61.6,21.1,1,1,7
200,124,49.8,11.7,0,2,8
200,110,63.4,27.3,1,1,6
200,108,70.5,10.0,0,1,0
200,129,78.1,5.9,1,1,67
200,107,88.9,18.0,2,2,18
200,126,65.5,7.9,1,1,35
200,117,71.5,24.1,0,1,5
200,114,73.0,16.8,1,1,7
200,127,50.4,21.7,1,1,3
200,101,42.1,9.8,1,2,19
200,125,63.7,14.6,2,2,20
200,106,63.1,11.2,2,2,3
200,105,60.1,8.5,1,1,48
